id,salary_mean_net
46224201,116750.0
42119402,49210.0
45716401,28330.0
43716203,23210.0
47109602,45570.0
45507200,27640.0
41123802,63710.0
49155602,40180.0
41169603,34120.0
48041400,83250.0
44627400,68190.0
41904800,33140.0
49037402,47600.0
46778401,31350.0
49970601,34750.0
46875401,55700.0
43416200,25190.0
41717000,36640.0
47784201,44930.0
48823400,42600.0
46711002,43010.0
45307201,21210.0
44298402,31180.0
46487402,57730.0
47184800,106290.0
44145003,60870.0
49904402,64970.0
44032600,38780.0
44374402,24350.0
44402003,53650.0
42970002,76070.0
43892802,41940.0
49155400,38670.0
48131602,54010.0
47830601,39680.0
40956402,69650.0
41839203,102630.0
43643803,30540.0
48574401,40980.0
45808400,30140.0
45119403,93270.0
44271402,33220.0
44880601,47850.0
42208202,65190.0
44322800,59790.0
42892600,28580.0
46480801,39570.0
49197202,38520.0
46631001,59880.0
41294803,22060.0
48400801,50370.0
49960000,34320.0
44190402,61640.0
47235200,26130.0
49190402,53430.0
48081202,87400.0
45428802,29580.0
49733402,38840.0
47551801,28340.0
49141202,21480.0
46583000,39010.0
44898201,49300.0
44255802,36390.0
44659000,23730.0
40826602,53170.0
41268203,16720.0
45078001,21370.0
41368002,17540.0
46702600,24810.0
48921201,75580.0
42480800,38040.0
41982003,69870.0
49052200,64900.0
47522802,41110.0
45581000,35950.0
45919600,60120.0
44522603,62450.0
41337402,18540.0
45155202,22000.0
41238800,15630.0
45261402,32900.0
44986003,28570.0
42474603,48310.0
41699802,64220.0
45672802,52370.0
49818601,32650.0
47142202,26580.0
46217400,45830.0
44279201,37140.0
49418400,40860.0
42452603,60560.0
46243002,28600.0
43363403,57240.0
44945201,63090.0
43750202,53850.0
48944200,38530.0
41822202,84800.0
43997600,27710.0
48834200,69220.0
47010601,36000.0
45556602,74480.0
49398201,34920.0
41385400,20020.0
45586802,29920.0
45942801,54160.0
44666203,53210.0
45663201,90190.0
44327002,36450.0
44225603,67380.0
41747002,51930.0
42447202,31140.0
41094202,35380.0
46445202,56590.0
43980600,56040.0
47902401,33030.0
42464202,23090.0
44950601,72240.0
48139402,101160.0
45203603,119860.0
46815002,27760.0
42797000,67910.0
42130800,48570.0
43836402,16640.0
42298200,42120.0
42293203,30170.0
44361002,68840.0
44638600,77110.0
49456000,44340.0
44419601,54010.0
43997601,44440.0
40927202,41700.0
41503802,42540.0
47476801,45750.0
45488203,80520.0
44266801,36940.0
48837000,52350.0
43807800,29600.0
47106802,24850.0
41391802,37010.0
44343000,57040.0
42489602,45480.0
47035800,40570.0
46356201,53810.0
49235401,37400.0
43106603,92110.0
48584002,42080.0
45466402,38170.0
42252403,37850.0
47639000,33470.0
45906001,61470.0
49722200,25500.0
41518003,80510.0
42385403,39740.0
45510201,65320.0
49860200,41020.0
47748201,35360.0
43503002,64910.0
49121201,50700.0
41278802,28710.0
46488201,32260.0
44357601,28800.0
45329003,43090.0
46121201,76570.0
44534403,28570.0
47439200,28290.0
41439802,67620.0
43174802,86810.0
46571201,29880.0
44396601,49080.0
42916803,92750.0
46556402,39660.0
49299802,43660.0
46320401,34870.0
41349003,16660.0
44385800,30780.0
46565000,73080.0
49856402,41740.0
47026802,55910.0
47281400,36920.0
43571000,67030.0
47264400,78860.0
49762201,66810.0
49539601,39020.0
47023001,76060.0
47805400,39700.0
42503802,24190.0
44903800,79740.0
45184201,38400.0
46244802,62510.0
44987603,69130.0
48334202,45740.0
46710602,32760.0
46103000,32770.0
49332202,25830.0
49018201,83240.0
46759001,41570.0
43486802,32060.0
47335801,79810.0
45229202,48170.0
42649803,60080.0
49143000,36000.0
48893000,27140.0
46859202,77870.0
42136803,28940.0
41181002,36480.0
44475001,86330.0
44348603,47110.0
47003402,77720.0
43618002,54770.0
48296600,46290.0
47038401,34300.0
49145602,52260.0
45244600,70220.0
47963001,45480.0
49631202,53390.0
42867802,62630.0
46826401,29490.0
49336801,29050.0
41301202,34120.0
45697401,63240.0
46021400,45390.0
44352203,29950.0
43840000,36890.0
41874200,79100.0
45129202,29350.0
43415203,39040.0
45648801,93530.0
43103800,63190.0
46788401,68010.0
42085403,46250.0
45373603,23620.0
43082003,45190.0
46171601,42580.0
42831203,54710.0
46689201,51210.0
44785201,63100.0
46367001,64000.0
44117600,37410.0
45338002,36220.0
47507602,85010.0
43644400,80570.0
41405403,54360.0
45093403,40500.0
45870402,59870.0
49833800,60260.0
48925600,24240.0
42474402,44890.0
45784603,46230.0
49955802,51880.0
42199400,37460.0
49847402,43980.0
45968402,87750.0
42683200,30510.0
47870200,91070.0
44719001,75780.0
45330402,77460.0
47201802,34750.0
49925802,46030.0
40996602,48870.0
49929802,35530.0
47711002,84850.0
46575200,63730.0
41815802,45500.0
45048400,68580.0
47075802,24710.0
46943401,48080.0
47565000,45150.0
45462803,48210.0
49623200,75300.0
45962201,55920.0
45931001,54290.0
43517803,42050.0
43553400,28520.0
48184802,47310.0
46683802,38480.0
44930800,39310.0
44074202,55340.0
48191602,19260.0
45958800,33400.0
48842400,74420.0
45414801,99950.0
45767602,54180.0
41082600,44090.0
49807800,46520.0
42515600,116270.0
47980600,55960.0
48467400,31500.0
44733603,48260.0
49775800,76410.0
45906601,33440.0
48172401,49230.0
46388400,45600.0
48566601,38090.0
43549203,27270.0
47680001,56820.0
49464600,42830.0
46357200,87780.0
41941600,25910.0
47069602,64280.0
48789002,52200.0
42849403,105220.0
42421000,70480.0
45538402,77190.0
47932802,38050.0
46972800,34810.0
42018803,46800.0
44280401,109640.0
47428400,49610.0
46006402,144200.0
46784202,39950.0
48568000,44320.0
44073803,75130.0
43262800,30630.0
49901800,93700.0
45261202,39630.0
49168400,33880.0
49770601,40220.0
45477602,39760.0
47297802,78530.0
46899401,87330.0
45612003,69290.0
48756602,61620.0
42776803,34080.0
49858600,52630.0
49174401,40260.0
42772402,34130.0
43129802,25830.0
49519001,34070.0
43622800,61740.0
49482602,64380.0
49972202,95680.0
42459600,60410.0
43603602,48430.0
41775400,87570.0
42630203,78680.0
45166601,55530.0
43040403,37020.0
43630403,80310.0
44806001,67830.0
44696202,27210.0
43512202,32210.0
41634202,17180.0
42960803,56540.0
46327600,46100.0
45595800,32310.0
46498200,53760.0
42406803,41020.0
41110200,40330.0
45393001,34070.0
42895403,34800.0
49837601,27770.0
40857003,48390.0
42935402,66990.0
41923002,23370.0
42208402,37640.0
46974201,32820.0
43269800,58530.0
40997000,96160.0
46979200,49690.0
47270400,64190.0
45927400,24460.0
48557001,97630.0
44972200,54800.0
41119602,27080.0
47353000,27580.0
46813602,40290.0
47997201,38730.0
46946601,111220.0
46387800,39020.0
48712201,45830.0
48221002,43600.0
41053403,57810.0
42243003,37230.0
44636400,28030.0
49100802,41830.0
47920600,34150.0
48827002,32580.0
45698201,29960.0
45879600,40600.0
43425000,42130.0
47525202,47530.0
41924200,43650.0
48105401,61150.0
41100603,41340.0
46949600,47010.0
41726802,53090.0
49039600,32930.0
49592600,24710.0
45134402,31100.0
41508200,27940.0
49893200,26290.0
45114200,47640.0
44794003,62880.0
44670402,29460.0
48034601,44750.0
43512000,48980.0
44770200,27870.0
43404200,52930.0
49891801,72870.0
46197002,23200.0
48430400,30440.0
45153002,23990.0
49878400,38120.0
41876403,37510.0
41257200,27080.0
41403402,31080.0
43593803,36760.0
49852200,30530.0
48647001,55920.0
42543003,36650.0
45240801,32240.0
41310003,16460.0
42596000,42150.0
45554201,45650.0
46384401,49900.0
42649602,66300.0
49974000,41510.0
47498802,23120.0
41617200,34470.0
44663201,46180.0
46568402,43390.0
43820000,53250.0
47515200,48230.0
48349800,31080.0
47560400,33310.0
46774201,25200.0
48445000,53430.0
47955400,60860.0
45667002,84370.0
44907201,45210.0
47835802,29020.0
41844603,33910.0
48019001,31240.0
42241200,79630.0
46798201,32140.0
46867800,36380.0
49782401,34480.0
41250603,26450.0
48238801,101550.0
49831001,33120.0
44175601,62690.0
46667601,46400.0
46697000,49720.0
41899403,26110.0
47280002,74860.0
45433000,111280.0
44357202,24890.0
44313203,25490.0
43894800,39030.0
47863202,54340.0
43935203,38580.0
43069600,44420.0
42568202,27040.0
49973400,98200.0
44006200,32420.0
46531201,42350.0
43988802,58600.0
44991003,78410.0
46315801,43540.0
45611401,66960.0
45983200,49360.0
49894800,64990.0
41254600,18510.0
45797803,35010.0
43599603,70440.0
42079800,38300.0
45481000,40860.0
46734201,36030.0
43726402,52820.0
49077401,32670.0
43064200,118530.0
46705400,65600.0
44253800,25270.0
46599200,25180.0
45723401,48550.0
48338000,39900.0
41681203,43510.0
42197600,37750.0
41713202,30540.0
44136801,37020.0
40885603,25890.0
43643600,34090.0
44897401,98020.0
45800002,31870.0
46858601,88840.0
44228800,37980.0
47747800,93910.0
49766802,22020.0
48276802,45320.0
44972602,30470.0
46142800,41170.0
41561803,38720.0
45886602,142450.0
49359602,63730.0
45062002,28310.0
47485402,29610.0
48614002,29620.0
45887000,77160.0
46830001,60360.0
47032201,38960.0
44652002,115470.0
48781000,23750.0
46265800,23340.0
41408802,72340.0
46269400,38180.0
49027002,29950.0
48777802,93960.0
49095402,76780.0
42455803,61410.0
45099203,42480.0
44972801,49470.0
46798601,73180.0
49685401,40740.0
45298401,38010.0
44207203,48890.0
44020803,22910.0
43347800,71060.0
48842001,68460.0
47034201,53500.0
41771403,42350.0
42797803,52420.0
45625802,35900.0
41526600,36280.0
45397003,46710.0
42679802,42480.0
44974800,38910.0
49884200,56380.0
45406802,59360.0
41286203,87380.0
49211002,41780.0
47718402,74230.0
45161402,46710.0
46942800,89820.0
46194800,40900.0
41640803,71400.0
48859602,43060.0
44882401,37950.0
42448603,26330.0
46715200,43810.0
44656800,28370.0
49129600,25670.0
48133602,44370.0
45639803,26600.0
44116200,27230.0
40980802,37830.0
46394000,23430.0
45708002,24600.0
45033403,62090.0
42260200,60510.0
49251202,44740.0
45283001,66140.0
47012400,63200.0
42827203,120900.0
49633602,67720.0
46699402,32080.0
47166402,60360.0
45770403,28730.0
48768202,49130.0
49316200,44320.0
45117002,25450.0
47899001,32820.0
40923600,107140.0
44942403,48790.0
44572003,47700.0
49758801,87390.0
46076200,83080.0
43220003,49330.0
42229003,53410.0
43815402,35340.0
46833201,78800.0
41043802,65950.0
40862200,59330.0
43330800,55580.0
44864200,41560.0
45662600,46220.0
46196000,52440.0
42740200,44510.0
46670600,88780.0
48132400,29120.0
48445002,55280.0
46667202,45770.0
42547800,35770.0
45013402,37850.0
41186003,29070.0
44603601,45290.0
44326001,22680.0
41390603,27780.0
42696002,53040.0
40863000,49300.0
48898401,41960.0
44251200,24830.0
49927000,36420.0
47307601,84290.0
46382402,24380.0
47713800,48150.0
41177803,23880.0
46083802,50040.0
45404003,65810.0
49572201,40810.0
45703203,61370.0
48645600,60580.0
42866602,35970.0
42968402,72900.0
48734400,38220.0
47279602,37130.0
45585603,41130.0
44665001,43670.0
46262802,62930.0
46574401,24550.0
48900801,58170.0
47072400,92400.0
41145003,58060.0
45486001,24820.0
45427402,58940.0
42317200,47640.0
45294403,37180.0
49324402,80380.0
43509003,28270.0
45988400,71960.0
46888201,28350.0
42311403,61780.0
48167402,29200.0
46678001,38510.0
46414201,40380.0
42248602,28620.0
43523202,40810.0
47160200,41030.0
45732600,25290.0
47102400,34440.0
43377402,56540.0
41163800,36070.0
46040002,30030.0
46022800,72660.0
46607202,28140.0
41000402,74660.0
41253003,28140.0
45796002,31500.0
45144003,29870.0
47704600,27530.0
47753201,118760.0
45664802,36740.0
40929602,24780.0
44968403,32830.0
43822403,45160.0
46825200,38210.0
45883801,48330.0
45137002,29230.0
45167601,32660.0
46581401,65740.0
44931202,39280.0
48246402,53910.0
49285602,99130.0
45497600,85600.0
47760402,23250.0
42606403,17150.0
49527000,45750.0
48161600,25710.0
46903200,110420.0
49915001,33690.0
43992003,39600.0
46250401,99730.0
46418600,38850.0
41710203,82490.0
42495803,28860.0
46955201,78290.0
48209600,23120.0
45196801,39460.0
43508002,50630.0
43489603,70280.0
45733203,27580.0
44572801,51490.0
44925000,81870.0
44506802,31740.0
42947402,41190.0
43970800,57870.0
44176600,70690.0
41178600,25490.0
42627202,36630.0
42629600,57860.0
48501802,82950.0
49517002,36310.0
41589200,29980.0
41725602,31150.0
49675201,36990.0
47546201,37150.0
49823000,20120.0
48242602,85310.0
42241203,37380.0
42259203,26130.0
42445600,39240.0
41267603,20980.0
47808400,23160.0
46390800,60080.0
43826401,47570.0
41837803,24690.0
42959402,42890.0
47284402,51670.0
45448401,66940.0
44605803,52130.0
48264401,40230.0
41130003,60790.0
49036601,57000.0
42499403,57300.0
49741400,38850.0
45539403,46340.0
41424203,50200.0
41046202,83260.0
49188001,36470.0
40890003,26620.0
43129200,36300.0
48212800,35880.0
42644002,41250.0
44136603,43780.0
45628802,34440.0
45919400,33920.0
45300603,57280.0
46883401,40910.0
48569002,30410.0
42019003,94540.0
47617600,64000.0
45497403,56280.0
42698402,90680.0
49192601,33540.0
47320000,77130.0
47534400,112300.0
49945000,55240.0
49997402,66360.0
47616400,45010.0
44827600,49600.0
46955800,74510.0
43684802,24340.0
45120802,51600.0
43338402,52800.0
44974203,79550.0
47147400,54380.0
45644201,76780.0
45864801,29010.0
48713200,42300.0
44391201,46260.0
48501201,25750.0
46869601,87200.0
49709200,93120.0
47687402,60270.0
47090200,102830.0
46103401,81360.0
44782400,50350.0
43758003,26330.0
45005601,30450.0
48629602,41770.0
41904400,47230.0
41209800,24070.0
44292000,57570.0
44936601,52830.0
49657201,56150.0
48127401,36650.0
46344800,35530.0
47757001,26120.0
44046802,56000.0
44134002,38340.0
48867401,57710.0
44100003,34910.0
45627801,59700.0
41580600,69560.0
46415601,31950.0
45308600,41280.0
44188003,31260.0
45173202,79100.0
45138203,40610.0
41549802,26660.0
40912403,43540.0
45220203,31230.0
42392403,53010.0
44730003,37070.0
47550400,90830.0
48794402,45320.0
41738803,27580.0
42416203,28970.0
43123202,37710.0
44532402,32400.0
47891202,58180.0
41353003,32860.0
47081801,37340.0
46793800,81160.0
42794202,69950.0
49430202,27450.0
45806000,74180.0
43474003,100650.0
48226401,76120.0
46697802,99680.0
47896400,53410.0
43648203,36080.0
46820401,76990.0
44588000,36030.0
45542400,76370.0
41302003,30020.0
48323402,63420.0
41221403,29370.0
48795601,36520.0
40816803,46430.0
44353403,40630.0
45492203,31350.0
43145003,56360.0
41285400,14350.0
44522003,27930.0
44636800,83520.0
43719002,34160.0
47288000,35400.0
43879603,25820.0
44743201,12300.0
45438801,30030.0
45360400,42790.0
49265600,30450.0
49484402,33610.0
47297402,88570.0
42513603,40060.0
46776002,61250.0
44142602,31290.0
45136603,91920.0
43355802,32100.0
45052601,35370.0
46098400,46620.0
49290401,45280.0
42104400,82080.0
45067801,76290.0
45695401,39790.0
45815402,46140.0
47391200,35920.0
48750602,55320.0
45406801,33000.0
45140600,75900.0
46732001,36550.0
42286203,37390.0
46713401,105190.0
44132602,38410.0
49411600,31360.0
47822400,24120.0
45203803,33760.0
41958800,52720.0
42942803,26090.0
49453400,27190.0
40949402,40990.0
41343802,16080.0
44935801,56280.0
41436400,29240.0
44545801,54270.0
47184402,38060.0
48363800,30690.0
42736802,47210.0
45455002,46290.0
41260002,29060.0
43306800,30440.0
49524001,88580.0
49257202,72300.0
45850401,33630.0
47278202,27210.0
46545800,25310.0
49629000,40110.0
47588000,67970.0
49859200,123640.0
44058001,40690.0
48181602,38730.0
46620402,52080.0
48764400,40230.0
44786603,27190.0
48293201,38420.0
42609003,51510.0
47758601,46630.0
44581201,35090.0
48861202,45980.0
42629402,36400.0
43781202,44930.0
48263602,48430.0
44236802,27350.0
45311002,33610.0
46323800,57280.0
43843000,30800.0
47123002,47200.0
44839603,45130.0
46551200,33670.0
42659202,92170.0
42903003,71870.0
46286001,78630.0
47406802,93970.0
49747200,47800.0
48512001,42130.0
49915802,81040.0
44305602,37060.0
41192400,43130.0
49971402,72320.0
47676800,24960.0
44261600,33100.0
46523800,49600.0
42539002,74330.0
45673401,52170.0
41587402,41860.0
41135600,56590.0
49868000,56230.0
41634203,17180.0
46978801,73560.0
41659803,22040.0
44954603,105330.0
44439001,27340.0
42804602,84360.0
45692002,44140.0
44091200,41210.0
49860402,84160.0
49359002,105980.0
44632603,50320.0
41738600,43770.0
47476000,29550.0
44176801,25630.0
42801403,38180.0
47077802,26180.0
46097002,26490.0
41651800,18620.0
42165203,58740.0
47272202,47620.0
49814200,49000.0
42521403,46550.0
45303600,42500.0
42265000,62640.0
41938402,23170.0
49604400,58910.0
43055000,96710.0
45209203,47460.0
43341603,42140.0
48083601,29060.0
47216000,41660.0
41192603,83870.0
48447601,63960.0
46755402,54820.0
43656403,40510.0
43609600,55750.0
47011000,28040.0
40966400,110200.0
45806803,29600.0
49394202,52120.0
44796801,71440.0
41722000,20110.0
49311602,36220.0
48840600,56050.0
44083001,24380.0
41299003,37230.0
45519600,32900.0
47868400,71030.0
43960802,25400.0
41426800,50880.0
44648600,49340.0
48433000,69550.0
46100002,37430.0
47094602,36370.0
42811203,24230.0
49834600,51990.0
48392400,45040.0
43720002,24950.0
46525600,30430.0
44558201,33510.0
48369402,43950.0
44450603,31230.0
47441000,38710.0
42151600,48490.0
45652801,37650.0
49834202,98430.0
45543400,59900.0
42621003,102270.0
43296202,95540.0
42313803,27720.0
49888200,34690.0
41082003,28580.0
44379603,39090.0
46671200,23930.0
42666802,24510.0
42185002,29760.0
48317602,92460.0
41288600,30410.0
48605200,135490.0
47986200,45690.0
44869602,45410.0
46924400,25180.0
46461401,24810.0
41007200,38940.0
47041002,29150.0
41257600,20700.0
47690401,68510.0
43915401,20640.0
43058000,45570.0
42151000,47920.0
46215801,41350.0
45145802,38150.0
47817400,36190.0
48035801,27470.0
45351200,39680.0
44244202,79210.0
44296602,32880.0
46474802,97990.0
45086802,32370.0
42443402,54800.0
41371800,35520.0
42999403,30850.0
45403802,82070.0
45805403,85600.0
41585602,29050.0
49161002,23350.0
49780200,36650.0
49707602,21920.0
44141203,122210.0
42437600,50480.0
44621002,41120.0
45091600,25200.0
48147002,79090.0
42484200,36980.0
48081001,36580.0
49552200,41660.0
43887000,28750.0
45885601,60810.0
46352800,76430.0
48846200,52820.0
42476000,37050.0
45538800,49810.0
47471600,41190.0
44948600,29000.0
46787802,34960.0
44071001,47970.0
45837002,56940.0
47187401,59980.0
49802200,42810.0
44084202,42650.0
45631602,30380.0
46323802,25110.0
45582002,42020.0
49771801,52670.0
44842400,36600.0
47196800,25280.0
48404401,85250.0
46258400,38830.0
41781400,53390.0
43798202,47350.0
46289201,23600.0
45811802,33430.0
42029600,34480.0
42161803,42610.0
43686803,40920.0
47435001,38710.0
42821202,68640.0
44460402,24330.0
44378201,33350.0
41088003,28420.0
46041201,34890.0
41939802,26470.0
45515602,23710.0
48263800,28720.0
49884400,39860.0
42690803,44740.0
42437802,33690.0
43186600,30440.0
49528200,78590.0
45637601,29600.0
41769000,57880.0
41043002,32480.0
49619600,29260.0
47736801,34090.0
48920802,35110.0
46738001,42870.0
41973003,93280.0
46663601,51670.0
48690802,62910.0
49120401,62450.0
47028202,68590.0
49897001,33900.0
48527800,52270.0
48058202,38720.0
41107402,72670.0
41478203,67650.0
48448602,88600.0
45528800,53180.0
48765002,84220.0
47360602,63030.0
42985403,53240.0
48613402,26270.0
41403400,42070.0
42380000,45250.0
40962803,43650.0
43676603,82280.0
45718802,33620.0
42941400,73890.0
41956800,45500.0
43834603,46870.0
42806000,35430.0
42500800,42290.0
48240800,46300.0
43132200,37790.0
48911202,31300.0
41394802,58660.0
47927202,23050.0
44614802,51390.0
45363403,69310.0
43284200,30420.0
49863202,27680.0
45478402,122680.0
43462003,55360.0
42714200,52040.0
41723203,56430.0
49447402,53650.0
40970202,64400.0
47445200,25840.0
49946401,76320.0
43524403,29350.0
47511800,75590.0
44564202,38270.0
42545200,28310.0
43090402,55200.0
40957403,56430.0
41046000,41390.0
47478400,38660.0
49897200,39010.0
46425401,88800.0
47759202,45480.0
44208202,34690.0
49207600,52230.0
42943200,44870.0
47425800,40760.0
48028802,30310.0
46154202,42240.0
46294602,45530.0
49041200,110620.0
49039000,34380.0
46415402,33350.0
47245802,54140.0
43217000,80800.0
47508601,39030.0
49674001,44110.0
47332802,43140.0
43885402,66300.0
44309603,83320.0
48337402,58580.0
46687602,44800.0
47076202,42650.0
46997000,91350.0
43275803,62030.0
41349600,33420.0
41222400,27770.0
42442400,48630.0
49844801,44430.0
42300400,79940.0
41856400,26820.0
49540400,85720.0
42224200,24710.0
47603801,29920.0
43105400,36750.0
49739202,58480.0
43086803,106240.0
44114400,39310.0
48034401,92920.0
42032400,33540.0
48493002,37790.0
43072400,20160.0
44942001,53000.0
44282202,32880.0
47009402,66690.0
45510603,25810.0
45811401,57680.0
46072402,24800.0
43883003,47550.0
47169600,76320.0
45779001,30520.0
45692201,92240.0
43936800,59570.0
45670402,109120.0
44566800,30370.0
43697600,78910.0
47004001,70030.0
46221000,30700.0
47482000,66840.0
42433200,39930.0
41080602,25840.0
43986802,59050.0
42234602,31230.0
44839802,41330.0
48326200,80770.0
48391402,40430.0
44757200,24670.0
47845401,85640.0
48062802,48140.0
47086002,25430.0
45502203,26540.0
46389602,37940.0
42378002,49550.0
45131203,40950.0
46006802,34610.0
44883801,89620.0
43968202,37650.0
44782200,113040.0
41637603,30420.0
44882203,51890.0
43261803,54080.0
48691602,50960.0
46940801,40420.0
49288200,68240.0
41057603,44770.0
46588600,45160.0
42417003,30500.0
45328402,54800.0
49124402,34630.0
44152003,41620.0
44871002,38150.0
46598801,74610.0
43636403,53930.0
43542800,44570.0
41656403,63630.0
47095000,29660.0
45997800,44570.0
45226802,19370.0
43872002,122110.0
45050803,42810.0
46410602,38940.0
47920000,40500.0
41123003,57520.0
45829803,62970.0
44698400,51630.0
43228202,63730.0
46856800,28130.0
44983402,43240.0
44769400,37900.0
42119203,95220.0
48104402,60410.0
45674800,29880.0
42699802,27750.0
42599400,45510.0
48310802,34800.0
42812400,49440.0
44243600,34310.0
41651803,18640.0
41764800,56680.0
47646802,50540.0
45598000,46010.0
45669403,33870.0
46071000,44910.0
43304202,106220.0
45800800,46570.0
44912403,34300.0
45955601,43190.0
48142600,29410.0
45142002,121680.0
41177000,75540.0
43462200,45120.0
49956402,74520.0
47468800,30030.0
42057800,16370.0
46722601,78990.0
46228201,25680.0
46308402,46170.0
45663202,19570.0
47209402,26430.0
48127201,62020.0
44274000,46140.0
45581803,48950.0
42159002,79110.0
49694601,46880.0
45226202,44490.0
42249202,30720.0
49796000,125140.0
49902401,42450.0
44705603,56390.0
45043403,43010.0
44392403,81790.0
43874602,52710.0
45744800,38620.0
42958002,45860.0
46268201,103190.0
44740401,65840.0
41557203,40960.0
47534600,51620.0
44314802,46410.0
47088401,21300.0
46641002,94210.0
40953203,74770.0
44286202,57550.0
47892601,23600.0
47574400,23660.0
46620802,93850.0
48202601,36180.0
43754003,46970.0
41895203,34700.0
43147203,30510.0
42735002,67850.0
48142402,42480.0
42811002,61470.0
41642803,36160.0
44418602,33520.0
44915802,71080.0
47088002,40110.0
46370601,34860.0
44715600,32330.0
46313001,40630.0
46118400,29690.0
49058001,56830.0
48008002,39800.0
49677400,27760.0
46323202,41330.0
45614402,44830.0
42669402,20170.0
48780400,49320.0
49069801,28660.0
45538603,19090.0
41765600,64440.0
49448200,73830.0
46203802,37670.0
46248602,55600.0
45170801,29370.0
41110003,66910.0
48817001,50330.0
42430002,94880.0
45586202,38400.0
42235602,65990.0
45429203,76450.0
45745200,53690.0
44731403,75420.0
43272400,54000.0
47350402,28100.0
45564400,43540.0
49550201,24530.0
49240602,90290.0
47875400,33340.0
44313002,135310.0
43028002,32550.0
49952602,125590.0
45782602,42740.0
49017600,26890.0
47900602,39250.0
45712200,56230.0
44214801,68830.0
46116602,74650.0
46651601,23420.0
42858003,35940.0
42338403,35450.0
45606401,33080.0
46585400,77740.0
49569002,33920.0
48177600,27540.0
46505000,59600.0
44597802,27310.0
47561600,31020.0
49942802,53090.0
42261400,43350.0
42684200,62540.0
44967802,30910.0
41604803,62420.0
44702401,59170.0
46404402,28890.0
47145202,84060.0
42966200,28950.0
42364002,59100.0
41571003,38970.0
45100000,36050.0
45500400,63250.0
41711000,26450.0
42384802,62690.0
47203002,34350.0
45829600,76800.0
47791801,91460.0
46624800,62100.0
48183002,57430.0
48831600,28020.0
47360802,80690.0
47856400,57390.0
43925203,48700.0
47227401,70760.0
47931401,47680.0
46158601,38880.0
45468003,46050.0
46121401,44010.0
44352201,72400.0
48212802,45720.0
41759602,45300.0
44158400,38150.0
41563403,18330.0
49208002,53830.0
45470603,37950.0
45697603,96170.0
44908001,35620.0
44813602,70030.0
46787400,46000.0
46240200,38310.0
45146200,61470.0
49715001,64070.0
42746800,32150.0
40948400,28660.0
45281001,59560.0
45049003,36820.0
44858801,71720.0
44487203,40770.0
41157003,90350.0
46591400,27300.0
41836402,55780.0
45223601,25910.0
49539201,135460.0
49954002,29730.0
45292200,46250.0
42930600,50800.0
49171600,23200.0
45970201,26250.0
46897402,45680.0
46350001,79970.0
49835801,41060.0
44517003,82600.0
44597803,37130.0
42884603,95040.0
47740002,31750.0
47797802,91550.0
44381203,52990.0
47110002,58060.0
45059801,50970.0
45997801,42430.0
46039400,51420.0
43887203,59170.0
43127400,63080.0
46639001,97130.0
42979803,30470.0
44326002,25180.0
43454403,61850.0
42445802,48840.0
46178801,75430.0
42896802,22710.0
44543200,46610.0
46472602,37870.0
44176601,52960.0
48368801,74530.0
48321402,45230.0
49660002,43000.0
42065003,23330.0
48558800,128690.0
42293000,23270.0
49640000,39400.0
43246602,51080.0
47521600,42960.0
42858203,63050.0
49439801,53740.0
43155400,65280.0
42717800,41610.0
44941401,20450.0
46151200,27120.0
44074000,52980.0
45231202,25460.0
41636002,20560.0
44474801,52860.0
44243402,35550.0
48450400,56320.0
49013800,24890.0
42551800,43490.0
43829602,32830.0
46752801,28670.0
45887202,42950.0
41437803,59810.0
40967002,29330.0
49767002,27890.0
41839603,34900.0
42371200,48570.0
45328000,74230.0
49099802,26690.0
49739800,35180.0
42041603,45290.0
47377800,41930.0
49789200,37320.0
43001800,81190.0
46740200,62540.0
45372203,43240.0
48133200,108730.0
43753802,72370.0
48357400,116750.0
48835602,39130.0
46754600,43480.0
45587801,36170.0
49957402,51120.0
41341200,32020.0
49678801,47930.0
45050202,94340.0
44673200,84830.0
45602601,36130.0
42657402,44590.0
40839403,36820.0
45089200,52220.0
44009403,73160.0
42954800,52100.0
44037602,28450.0
49592801,88520.0
48277802,26300.0
47038000,24750.0
43775003,58620.0
40806002,42820.0
47721602,25120.0
49564601,40570.0
48059002,41150.0
45871601,36500.0
46069800,29940.0
44226602,35560.0
42707802,34030.0
45414802,45040.0
44458601,63990.0
41345602,29750.0
40992202,104430.0
42214002,106670.0
45487401,74350.0
41134403,33510.0
45215000,45820.0
44906400,58600.0
47257801,75320.0
49189001,47100.0
46535600,33080.0
46795401,136620.0
44626400,40820.0
43524402,28940.0
42605602,31650.0
43833203,90350.0
40821802,62290.0
44854402,39250.0
43936600,15660.0
44430802,38760.0
48303200,98380.0
49425802,69250.0
42331400,29290.0
41051800,51990.0
41562402,37920.0
44597000,61730.0
48403000,32240.0
46816200,30570.0
46020801,76450.0
42355002,33970.0
48574802,25130.0
42594600,46090.0
41441600,34140.0
41108000,60630.0
41158202,36370.0
49857801,28080.0
42984200,39810.0
41963602,33170.0
42872602,35720.0
49773202,61310.0
45878802,49010.0
45390203,23400.0
41307400,17200.0
43945603,50390.0
43894000,38170.0
44428002,25090.0
42318803,46280.0
44572601,53630.0
47498202,34860.0
48228600,71780.0
47004801,30590.0
49550002,25510.0
47102002,31680.0
48333002,71790.0
47292202,30970.0
48603602,24010.0
44334000,76710.0
45589402,53110.0
45575801,33350.0
46786402,62570.0
49522001,88660.0
44028401,38630.0
45770802,64780.0
45356003,84850.0
45170003,37940.0
43569003,25490.0
43865000,40870.0
40951403,39680.0
49959601,45270.0
45331202,77650.0
45206400,28780.0
46758602,91060.0
49206800,44370.0
41370600,20840.0
47612402,53690.0
49555402,29080.0
46266801,94790.0
44084403,43570.0
47429600,37570.0
49363402,89430.0
47530002,34870.0
48417602,36920.0
49049601,61020.0
41857600,52870.0
41966603,54690.0
44058200,29990.0
49761800,54360.0
45123200,42450.0
46112802,22510.0
48247600,31670.0
46774002,44860.0
43426000,31990.0
48092202,40290.0
47020602,31590.0
43186602,78680.0
45696601,40820.0
49123401,48950.0
46764600,46950.0
42750600,85620.0
48568002,103510.0
45487000,36590.0
43141600,39880.0
46477002,31830.0
42074403,46750.0
45969401,27550.0
49278801,41640.0
47238601,78080.0
46171802,33990.0
49678401,74950.0
40966000,34410.0
41067003,25280.0
41295400,28310.0
49081400,44880.0
45505400,39120.0
47435801,42240.0
45449203,48440.0
44869800,24240.0
42764000,51500.0
41898400,49410.0
48019800,47870.0
46173001,71360.0
45526001,37200.0
41284003,26670.0
44322600,34420.0
44431802,22900.0
48564201,30720.0
47018002,62950.0
46740602,53340.0
48034802,23310.0
47796602,38980.0
49159202,63270.0
42187002,36570.0
45391600,46610.0
46782601,70180.0
48254401,96810.0
44532003,38500.0
49084800,42830.0
46285000,81630.0
44139203,44910.0
45534203,69160.0
43679603,83930.0
41319603,31420.0
43241002,26020.0
44853803,43930.0
49161802,54060.0
41336000,17340.0
43786403,28060.0
46850400,24320.0
43850203,37620.0
49952200,52560.0
45813402,69190.0
48163001,29380.0
45486802,58980.0
47444602,33820.0
43802600,40230.0
41412602,31020.0
43819403,45010.0
41597402,38280.0
49324802,83430.0
43723803,36510.0
41937000,18910.0
43735200,47310.0
42146602,30040.0
47408401,55310.0
49404802,42100.0
49440202,52030.0
44237603,49530.0
49834601,48340.0
42890403,36090.0
48475602,28470.0
42265403,27260.0
42894203,29630.0
41372003,35470.0
44613001,26010.0
49429400,24290.0
49633400,81080.0
48962801,64840.0
42584003,48700.0
46337201,32770.0
47949202,51240.0
45674601,39620.0
49793000,28630.0
48963802,42080.0
41681603,53260.0
41267800,29120.0
42632003,81310.0
41475000,62700.0
43248800,42010.0
44110201,97770.0
49536001,33070.0
44962402,16310.0
41940203,70070.0
42723200,47730.0
49639600,80680.0
41433802,42050.0
48403201,34770.0
47416200,55200.0
47079602,53940.0
46700200,113590.0
45269201,48990.0
44176400,29640.0
46924600,51950.0
41599800,70280.0
45991601,35590.0
41476002,50510.0
42588403,39710.0
42911400,46180.0
47411600,94070.0
48314602,35920.0
43244802,78730.0
44495601,24830.0
48502600,31170.0
45722200,90310.0
49470400,46250.0
46253802,48370.0
44784002,25140.0
49067602,53850.0
43190603,29600.0
41286400,85050.0
47625402,63320.0
47449002,45720.0
44341402,39870.0
48917600,48970.0
41917403,32700.0
47652401,28580.0
47449801,32260.0
48017202,29500.0
46588800,49040.0
44234203,27660.0
45411203,39560.0
45493800,102140.0
45248600,37660.0
44841203,30850.0
46578202,60730.0
43563200,91910.0
46989202,39580.0
45357002,38340.0
46783200,26400.0
45839802,31000.0
48615001,67770.0
41060803,50680.0
44311600,96660.0
46043600,32200.0
43851403,33960.0
41244603,18170.0
48033001,51350.0
41388402,22080.0
48660602,45520.0
45112603,79630.0
41144602,56370.0
45100401,53420.0
47838200,73610.0
47476001,43700.0
49624601,64750.0
44630401,25280.0
45963002,45840.0
45411002,59100.0
45573603,38750.0
47117201,29560.0
44179003,23550.0
43445803,76980.0
49699401,20310.0
49841402,34590.0
45318402,43120.0
48500802,57750.0
47146000,31680.0
46852602,30360.0
44657402,32130.0
40988000,41740.0
45557400,77180.0
47250600,95670.0
45776803,39760.0
43911003,40520.0
45650400,62970.0
44363202,29430.0
49066000,33380.0
47335401,32370.0
44982402,47800.0
41599402,27530.0
41109202,45240.0
41984802,48040.0
47658600,24830.0
45970401,107160.0
42645402,95550.0
49778000,43730.0
49078402,25930.0
47939402,33260.0
47314402,46630.0
49219400,45830.0
41944002,25490.0
42025803,63890.0
45380801,26830.0
48727602,69080.0
41165203,42950.0
45877602,34620.0
44886400,23320.0
44075600,25370.0
41897803,15710.0
45467000,29920.0
45992201,31490.0
43027402,42230.0
44508401,38630.0
49030000,105330.0
49290200,74290.0
46998201,41620.0
48176802,64720.0
43486203,57530.0
43265803,43430.0
43117000,63920.0
44221201,30520.0
41376802,32490.0
44247602,88590.0
46652402,38580.0
41171800,92840.0
46548600,89510.0
42970203,30340.0
45838601,27890.0
48747802,46550.0
49231800,47970.0
45823202,27400.0
41229202,29180.0
45267402,32730.0
42795403,35740.0
42543002,72740.0
44109202,74580.0
46290602,37590.0
48545200,74850.0
45735200,52800.0
41644003,136050.0
45846603,62530.0
47809002,107960.0
43957202,23380.0
41570200,25280.0
45854602,28850.0
43741400,50730.0
41788602,35000.0
43983001,25120.0
44822403,118430.0
41530602,53700.0
42379200,44090.0
43121002,41670.0
44983001,38960.0
42582603,45680.0
48283801,53120.0
44146203,56920.0
49695600,35260.0
49151600,53160.0
46360800,74490.0
42638400,30390.0
44077002,59370.0
49650000,37690.0
43612200,41840.0
48624202,39550.0
41626200,30760.0
44098000,30340.0
49190401,62440.0
45073802,54800.0
47277200,40910.0
41082603,116480.0
42762200,32640.0
42248003,29910.0
44101801,70420.0
46757402,29500.0
46448400,83300.0
42001002,30010.0
43841203,64300.0
49749800,82770.0
43211000,43510.0
44525001,43650.0
43611402,25780.0
48751202,43590.0
44355802,51410.0
44287602,73470.0
46898202,60180.0
45369400,26800.0
41321803,20420.0
45785601,74440.0
42898800,47560.0
49574001,89740.0
41146200,23220.0
46484002,88980.0
44587000,113390.0
48395600,48070.0
42893402,31270.0
46109000,90270.0
42323800,28080.0
43165003,56880.0
47036802,25090.0
46043602,58430.0
42500203,33990.0
43166203,36230.0
46979402,29560.0
44998400,30390.0
44243401,35550.0
45255602,72250.0
45219603,44910.0
48018802,49950.0
48369600,27200.0
43752600,30310.0
44411402,22800.0
42015402,81270.0
48612402,52450.0
48331001,59780.0
41353002,32860.0
43423202,33940.0
40831200,54810.0
48348001,96650.0
41466600,40550.0
47462001,51520.0
47756402,93100.0
49273400,25860.0
47728402,101610.0
47673801,43940.0
47966200,25840.0
40899803,46170.0
45219402,43370.0
47083200,63370.0
42420002,46780.0
44811003,60610.0
44576202,46990.0
44721402,41630.0
49976802,56400.0
48795401,33150.0
48446201,30080.0
43576403,106790.0
42434602,51070.0
48972000,68350.0
47933001,29980.0
43218802,89280.0
49244202,37120.0
43290802,35250.0
42883003,66290.0
42965400,39560.0
41978403,42800.0
46984601,25450.0
43885003,108310.0
45455200,79850.0
44145400,36960.0
45109203,39620.0
49800800,46020.0
47839202,44950.0
41321800,20260.0
46510600,25480.0
45771001,31160.0
44412601,79350.0
44814403,45660.0
41949202,28600.0
49534402,21240.0
48312402,45490.0
44273000,67110.0
45233201,40360.0
43343403,57910.0
48304200,43880.0
48704200,34690.0
49317602,27460.0
48410400,50940.0
49314800,60830.0
46686801,35020.0
42071400,47630.0
42087002,42690.0
46823602,48850.0
41891000,80410.0
45144401,34840.0
47598401,25310.0
42260000,42060.0
43370200,36440.0
42167802,75500.0
40902403,96030.0
46645202,51390.0
49241201,73290.0
46692001,49870.0
44920203,32160.0
49256000,29120.0
45710002,42870.0
48012202,52340.0
49542001,36550.0
49278800,41310.0
45792803,77600.0
45772600,85680.0
44741600,35440.0
47553601,30150.0
42183803,43550.0
46905602,64960.0
41613000,39610.0
41367603,43050.0
45581201,33980.0
40889400,39230.0
49159402,40320.0
41681400,28290.0
43297400,40450.0
43615002,40860.0
41851402,54040.0
45501200,64210.0
42039003,33500.0
44071000,75270.0
45923200,113050.0
44885401,57840.0
48797400,68790.0
41134803,23530.0
42514003,65190.0
44820201,74610.0
41793202,24400.0
45270600,40230.0
46756201,89530.0
44539002,60510.0
43869203,41510.0
45207200,32290.0
42747002,34830.0
42178603,56010.0
42860000,68170.0
41011800,71460.0
43340203,35210.0
42589400,107340.0
41957802,36030.0
44183803,75200.0
43747400,29890.0
48685202,33130.0
45223001,23800.0
43928000,30490.0
46148600,46520.0
45115603,44380.0
45336603,38490.0
46061202,23470.0
41866400,16340.0
48205602,29700.0
44040000,25800.0
48599600,28240.0
40854800,31460.0
44784602,67430.0
42110200,74810.0
49938002,25640.0
42403602,27990.0
40812602,30530.0
47841402,25630.0
43895001,64020.0
49315400,54070.0
42281202,96900.0
45999201,34170.0
47967400,34620.0
44390200,28090.0
47239402,34980.0
45675000,60090.0
42930002,28000.0
41025000,24030.0
45780603,45020.0
44789801,28610.0
49932201,88990.0
41249202,18690.0
45709801,29940.0
42264802,32990.0
44266200,77910.0
44508801,116630.0
44901602,29280.0
41249802,16840.0
43541200,29510.0
43449000,35860.0
41332002,17250.0
46589802,61630.0
44285801,70470.0
47028001,54300.0
47021402,41860.0
41672803,31130.0
45130200,32150.0
48315000,35590.0
47016200,37620.0
43339003,37350.0
48511002,24120.0
49460801,55490.0
48207201,36210.0
48791601,68630.0
49856201,32270.0
41669403,73890.0
45085601,68070.0
46770802,32410.0
43468600,40570.0
45688800,33820.0
44416401,35400.0
40829000,43440.0
43317803,34940.0
49291202,23610.0
48130401,36740.0
42610600,29440.0
46938800,44930.0
48446401,17720.0
43225200,26340.0
42116800,43440.0
45872202,41400.0
46444800,44800.0
48872201,39940.0
45644403,49010.0
49512401,61550.0
48073800,31530.0
47641201,74630.0
46330200,60740.0
45622001,29690.0
49334601,110850.0
42093000,101380.0
42932800,61940.0
44411603,34000.0
44532403,39660.0
41194200,35190.0
45800001,47340.0
41005600,45770.0
49796201,45170.0
45424201,73590.0
44287001,64700.0
44008403,63800.0
43198603,35490.0
45766202,78960.0
45839602,86110.0
49180402,66630.0
44875203,59480.0
41479003,56580.0
47423601,42110.0
44702003,67660.0
44110801,28540.0
49072801,29200.0
48449001,36820.0
48427802,32750.0
43183600,60620.0
41459003,72280.0
48086400,91740.0
41151602,77490.0
43125600,89650.0
42671600,38570.0
45224201,48340.0
47583601,56560.0
44272001,33750.0
49918601,35630.0
46388401,67270.0
48264800,66440.0
41315600,28390.0
40891002,36950.0
41210202,18390.0
49056002,52080.0
41067802,70340.0
43655400,34560.0
45290400,42050.0
41955000,43220.0
48695200,34640.0
48940601,48260.0
46014202,26880.0
43518600,89480.0
48367402,80920.0
45584400,39710.0
48469001,29850.0
49072401,49200.0
46025202,29990.0
41718800,29860.0
42687602,35550.0
41573600,29820.0
44219401,28150.0
45570201,96720.0
41090200,39670.0
42092800,53310.0
47024801,63130.0
41625203,43120.0
49913000,41990.0
41301002,21890.0
45377202,87450.0
49763001,55470.0
46450601,41300.0
45340403,31630.0
47774400,40040.0
49093801,23530.0
42808203,42690.0
43837202,53740.0
44477403,67970.0
47520802,30480.0
41111403,23810.0
41441400,30680.0
43764603,122830.0
46946402,47980.0
44343400,49390.0
42965802,41160.0
42233800,63380.0
42459802,34980.0
49928201,74930.0
45132203,85960.0
44461601,67880.0
45782200,58180.0
46385201,42260.0
43854602,38690.0
46675002,21250.0
44994203,29430.0
48524401,26710.0
41527203,40830.0
46981802,30010.0
43620402,69530.0
44846400,39570.0
43997003,33090.0
49867400,41670.0
44538601,30230.0
41287203,28060.0
48064001,57390.0
46304401,54610.0
40843002,38550.0
46503800,49610.0
45247401,15980.0
48011801,26170.0
48136801,31820.0
45435801,32420.0
46080200,43390.0
45181602,26370.0
49932002,90410.0
43903800,30180.0
42465003,57380.0
41501003,34100.0
48827001,74000.0
41340402,15170.0
44880803,32350.0
42373602,50880.0
42299603,55630.0
41196400,25140.0
48953202,55720.0
41056000,65290.0
48464801,28630.0
42805003,54300.0
41177002,36270.0
46921001,31870.0
43015203,40340.0
49194802,23610.0
42695403,24040.0
42472402,91870.0
43546002,40670.0
45415201,55160.0
49464000,72440.0
47105002,32120.0
47579201,65340.0
44738800,104030.0
41964803,29210.0
43932402,52550.0
42349203,123790.0
45792402,36680.0
41138202,71700.0
42215000,58400.0
48977002,29990.0
46278002,69200.0
49272602,35730.0
44374801,28850.0
46374802,56400.0
41496003,37010.0
45880200,25530.0
49774602,50990.0
47978600,110240.0
48106202,26920.0
49938600,85020.0
49860000,35690.0
48092600,26460.0
45311603,127620.0
47050000,40780.0
44551402,34480.0
46939000,127150.0
45445802,30970.0
42198802,82450.0
46580400,38790.0
47899801,32480.0
42693000,41870.0
49815001,32480.0
44739600,52900.0
41722202,25760.0
47546600,58000.0
47252400,56930.0
42763802,40740.0
43176003,40850.0
45380202,29510.0
42448800,49950.0
48983801,107210.0
41462400,41670.0
41520800,45160.0
48877202,25720.0
41975203,59710.0
48260600,48500.0
45630402,97890.0
48217201,115560.0
43598403,23580.0
42785400,78780.0
49292200,27140.0
44126800,43260.0
45374600,32890.0
44624400,46850.0
49352600,68950.0
42106802,32450.0
45804601,93850.0
46711001,43010.0
47427800,34130.0
46680401,39770.0
48081002,37310.0
49775401,37140.0
43744200,35260.0
49070601,67590.0
40953002,60050.0
46740202,43030.0
46936401,49980.0
49602000,59000.0
46274402,97250.0
42767602,20990.0
46801600,72220.0
42270203,50330.0
44410000,77320.0
49431400,84910.0
47311400,38500.0
44609203,43010.0
41497003,40840.0
48127002,27070.0
42801002,92820.0
49135200,57930.0
48685201,43010.0
46240801,77350.0
43929202,52850.0
48696401,24590.0
43536600,45460.0
48714401,45670.0
44064002,55950.0
41296803,23770.0
48137400,69330.0
44265202,28000.0
49917400,64700.0
48787600,66270.0
49124200,45760.0
44636801,21950.0
47372802,37520.0
44692603,22660.0
47172602,63490.0
41967403,51280.0
49244402,42570.0
46319402,32800.0
48968201,80730.0
48186400,37240.0
45708000,26000.0
49034802,38920.0
42201403,45830.0
43082400,28490.0
45859400,98330.0
47089802,60390.0
40863002,22200.0
47886200,54660.0
42123802,27080.0
42235603,65580.0
47089400,43280.0
41073403,54040.0
47246202,47020.0
48091200,38830.0
45145803,48840.0
49531600,36410.0
47579002,71580.0
42384403,69100.0
44686203,74600.0
41391202,31560.0
47147802,98810.0
44817000,61840.0
46420600,37910.0
41565200,23450.0
40994002,26720.0
45718000,59800.0
47620401,34100.0
47529600,36100.0
47150202,31040.0
41379202,17260.0
42624802,18650.0
48201602,26590.0
47619801,91010.0
41722203,25760.0
43750200,50210.0
44666200,34400.0
47615000,36380.0
41018202,23960.0
45104003,66980.0
49257002,56210.0
44122400,50130.0
42551602,40770.0
44433002,30750.0
43010002,40190.0
45134403,23700.0
47713401,39500.0
41494602,60040.0
43631600,30560.0
47484000,72890.0
43816800,40670.0
41791800,54390.0
46792202,44190.0
43879000,34830.0
46396800,53730.0
45581603,74180.0
48576001,48600.0
49319800,46860.0
44502601,26140.0
43622803,32440.0
46593800,34220.0
49738000,29390.0
44212800,41230.0
46314202,65300.0
44723603,79910.0
44033401,101810.0
44130000,22220.0
45252401,39030.0
42158200,68200.0
45096003,22700.0
49729802,37090.0
42219602,28900.0
42594803,57780.0
44715402,61510.0
47378801,25130.0
42940802,28680.0
45804203,39280.0
48251402,68430.0
42723600,43650.0
45890600,47460.0
46272000,61420.0
48219601,37900.0
42314603,48380.0
45837203,95670.0
49391800,55890.0
47654001,21620.0
40889603,21310.0
46044200,39840.0
42869802,46950.0
45112800,28820.0
48185800,52890.0
45591801,26130.0
42208200,66540.0
42542802,113420.0
41965403,33340.0
49403400,30060.0
44407802,75500.0
47821202,59750.0
44092403,80980.0
44018203,70230.0
43300000,40870.0
43320203,62690.0
49480800,39870.0
48562802,73400.0
48102800,43220.0
47791800,29330.0
41919202,56190.0
48020400,18200.0
46960000,28780.0
46395200,37130.0
45682801,32120.0
45597003,25590.0
47910000,33410.0
46826001,40670.0
45738600,82240.0
47537002,44930.0
41865202,23310.0
46162401,32280.0
49219600,33160.0
45491201,38690.0
41912400,37900.0
46497002,38450.0
44836202,104710.0
43673800,47440.0
42899400,119410.0
41075200,49150.0
44857601,44950.0
49535602,63320.0
45441601,77600.0
43277402,49160.0
49052202,66910.0
45760600,39350.0
44328403,46710.0
46849202,33490.0
41491603,29710.0
47784402,36550.0
44711601,24910.0
41351400,16260.0
49950602,85230.0
42670202,27070.0
41746200,40210.0
45832003,39680.0
43662402,70420.0
48706601,46380.0
43795603,82940.0
42709203,32910.0
46082401,39100.0
47781602,42910.0
48463001,35160.0
49460601,46410.0
49268202,32520.0
45433803,42010.0
41678803,38620.0
47385201,64650.0
46353400,62540.0
49485402,58940.0
46042800,51890.0
49950200,70970.0
42664400,26010.0
45692001,40640.0
46078600,93410.0
46240400,89570.0
45330400,46440.0
49786400,70520.0
43832203,45620.0
48324800,43650.0
41955203,44980.0
44112403,43900.0
44208801,26550.0
46796802,33580.0
45154203,77810.0
45166201,43320.0
45120003,90160.0
41479402,48460.0
42001800,67630.0
44235400,38510.0
41987202,74670.0
43179202,71560.0
47564000,61420.0
44369600,39520.0
41769003,57470.0
49081401,45780.0
46982000,56440.0
44953003,70210.0
44844403,45670.0
47951401,56320.0
44833200,42190.0
41227602,15550.0
49185202,37780.0
45569803,25970.0
41598803,62520.0
44450803,39630.0
45227403,24530.0
41295200,16060.0
42071600,55880.0
47644202,27630.0
43722202,43920.0
42151200,58760.0
47632401,79380.0
46120000,34240.0
43386400,81900.0
46757001,36120.0
41702000,28610.0
44794602,26560.0
44287401,46970.0
46139402,69020.0
49468202,41580.0
44893800,33080.0
46911202,52590.0
44074800,43250.0
42392800,64120.0
42201802,52110.0
44135803,29210.0
43722203,71850.0
43413003,51460.0
48285000,76390.0
44118403,60700.0
41325400,18080.0
45431000,31420.0
45109401,38410.0
45497203,46640.0
48470202,55250.0
44342202,41300.0
46757201,33640.0
44068203,62960.0
48547402,30570.0
46384601,143510.0
41088200,45230.0
43528400,61040.0
45500603,69480.0
47160202,79460.0
48836801,47600.0
41100202,83790.0
48151200,50250.0
43683800,35530.0
43714200,76790.0
47681400,31810.0
45292400,34100.0
47270602,56460.0
44994401,49310.0
49684202,25990.0
46011201,35960.0
45340401,30010.0
41876203,33340.0
40966003,39730.0
45430200,113540.0
45402002,24770.0
45250800,67190.0
47648400,60300.0
49562002,34400.0
47095001,45220.0
46998000,69460.0
49402200,42590.0
44879400,25560.0
46159601,41780.0
49091400,31130.0
46558401,36210.0
43304803,25400.0
46634202,31130.0
46635401,43620.0
44344201,96860.0
48600001,61280.0
41927603,20090.0
41829600,30230.0
45920400,51570.0
42053000,79780.0
49016202,22440.0
47493800,56310.0
47528600,48140.0
45658000,52950.0
42619000,37040.0
47080402,51700.0
45837202,40040.0
45560203,42440.0
46892201,63970.0
41895600,26010.0
43890600,32860.0
45347602,49570.0
44540803,38870.0
45951200,25650.0
42942603,70920.0
49033801,35390.0
41963603,26010.0
49877601,46620.0
43583600,38600.0
42427602,62730.0
42085603,28540.0
42450800,64730.0
43107403,23430.0
45727802,32870.0
44124001,40190.0
45365002,41930.0
49268001,68280.0
49832602,38300.0
45112403,28210.0
48540400,29720.0
49420602,98520.0
40841000,40600.0
46785002,31050.0
41420800,44610.0
43865402,41160.0
43016200,35610.0
44550401,25800.0
44599203,44560.0
48304802,60900.0
45805802,89420.0
45995401,71240.0
41083200,24590.0
45337202,39930.0
44127400,60120.0
45748202,35550.0
43070402,33340.0
49199600,36130.0
46345800,70030.0
48743001,67840.0
47955402,69840.0
44264202,41000.0
49582601,50740.0
43259203,38950.0
47470000,45950.0
42353003,44270.0
47475201,59100.0
49725802,25750.0
42619400,44640.0
46386600,25640.0
42900802,39620.0
41041002,61320.0
49983000,74400.0
43455602,30070.0
49623001,26630.0
41660202,29420.0
42003603,24850.0
42773802,88870.0
44172401,55100.0
48305602,56610.0
44913801,54480.0
48250201,48450.0
43881800,70900.0
46143001,44420.0
49065202,23480.0
45600401,52940.0
45189001,25510.0
49752600,36570.0
48875202,59200.0
42691800,31810.0
42038200,35930.0
48728602,48740.0
45533600,49640.0
47290000,25520.0
45575403,97760.0
47508600,22880.0
48497000,16510.0
44460400,75600.0
49936202,43770.0
42179203,63010.0
41232802,19490.0
44940803,68020.0
49689400,42910.0
49882801,23570.0
44262803,26930.0
47143002,27130.0
47214802,100910.0
42824602,42150.0
41131603,36200.0
44254002,75390.0
40800803,51860.0
45419203,51290.0
44775402,43730.0
48499401,44240.0
49590201,49660.0
45478202,26060.0
42956802,27890.0
42927200,32510.0
43334202,51000.0
43517602,49800.0
47441401,58270.0
43339403,64670.0
46917802,114760.0
44126003,34460.0
43427202,53220.0
44814200,26930.0
44686801,48710.0
48515802,28590.0
40843200,23910.0
40887003,46440.0
42665003,22020.0
44290002,59450.0
46730802,38200.0
45717403,49810.0
49204800,20660.0
47981800,82810.0
46224400,31030.0
42820000,26640.0
45771600,37490.0
46444401,29610.0
44739400,74530.0
48752400,39820.0
44929802,28850.0
41228002,31320.0
46579801,52590.0
41867602,15200.0
41531603,38270.0
46516801,52430.0
46985800,29960.0
44072400,25830.0
43870200,47220.0
41277002,23680.0
48336002,62970.0
48854400,35360.0
42402000,33640.0
44005003,29140.0
42542803,30520.0
41074802,28860.0
48483201,70120.0
46952801,113190.0
44509002,20690.0
47802202,117720.0
46821602,30730.0
49048402,34580.0
47781601,39760.0
41342203,17920.0
46168000,31900.0
46018402,28840.0
43178802,97950.0
41493003,37240.0
40998802,30370.0
46174802,42770.0
49094800,42860.0
43383400,101640.0
44831403,88590.0
42210002,23000.0
48516602,36660.0
45522801,85520.0
44722201,34270.0
49006200,32610.0
43771403,52780.0
48951201,46720.0
47746401,71580.0
44482003,67320.0
45616603,35820.0
47032401,81260.0
45661603,34290.0
48576601,23010.0
45025001,29690.0
45740601,57820.0
46247402,90190.0
46096602,32880.0
43523200,68120.0
45050402,29710.0
43180200,38270.0
42544603,40560.0
41805400,44230.0
45817201,105830.0
45459803,29610.0
44847001,29010.0
42732400,39730.0
46410802,43040.0
43865403,41160.0
49890601,59290.0
44225802,68370.0
48343801,30740.0
46013402,119800.0
44067202,52060.0
43269603,61270.0
44665201,42190.0
46982202,38080.0
49530800,23490.0
49639802,26570.0
42176200,26830.0
47043001,41230.0
42342600,50180.0
42306603,19880.0
45391403,26250.0
45148602,37650.0
46371801,33970.0
41993403,25980.0
43502200,69450.0
48844801,31830.0
46634802,139750.0
49063801,67860.0
47338801,47750.0
49145200,25870.0
43789002,27640.0
48576401,56890.0
43935600,50560.0
49254401,38480.0
41202800,36200.0
44275803,30280.0
44661401,19260.0
42680603,30760.0
44521401,46800.0
44075402,20090.0
42918800,58790.0
44731203,41440.0
48893200,74600.0
41386003,30450.0
43884401,44950.0
47687802,26710.0
46857400,40750.0
46671401,87450.0
47205800,60680.0
42304403,39660.0
48181800,45570.0
42301803,90930.0
44095401,34700.0
44551002,78380.0
41254002,24410.0
45157200,29960.0
49028400,38830.0
43779403,27750.0
49620802,34560.0
44322801,49130.0
49750800,22890.0
46962000,70920.0
42911802,44950.0
45584001,40200.0
41329400,15030.0
41591800,91200.0
44839002,70600.0
41017202,22910.0
45698401,22750.0
46605602,66410.0
47147600,29800.0
40875000,50910.0
41903800,61750.0
45566602,39300.0
48100002,62260.0
45035402,55660.0
42473603,34650.0
48448601,48430.0
46788802,37680.0
44897203,33950.0
42032803,25620.0
45236602,44540.0
44215201,55040.0
46371601,63950.0
49147401,79530.0
41344602,24210.0
46485600,43160.0
44659001,27760.0
45957601,23520.0
43573400,128680.0
42014803,75970.0
43857600,49680.0
41579203,67380.0
42898403,77690.0
43651402,43760.0
45887401,34180.0
43983201,101560.0
48656401,28060.0
49918802,56750.0
42333602,43720.0
40805602,76390.0
42423003,53930.0
41325202,18110.0
43344400,40530.0
48174400,59230.0
47743800,38500.0
47100402,31770.0
45486002,32020.0
41499602,49170.0
45859802,46030.0
42875002,95690.0
41680603,28980.0
45773002,65960.0
42608400,42830.0
47454401,64240.0
45580600,52720.0
44711202,44820.0
48507601,65760.0
45138602,26520.0
47042001,52790.0
43832202,32220.0
42869402,30450.0
48990602,54770.0
49109201,28130.0
41208202,16390.0
45148401,31200.0
41059800,29620.0
44202003,40470.0
49507000,62310.0
43853403,31440.0
41427600,40640.0
45674602,43670.0
41815400,39230.0
41619002,25320.0
43372203,40170.0
46505202,37640.0
46795602,29980.0
49868602,39790.0
46565002,37340.0
46648602,44900.0
46423201,24400.0
45984202,41070.0
43998200,26340.0
43810003,70000.0
48171401,40870.0
44313001,23900.0
44142601,45520.0
49793200,33540.0
44745003,51420.0
42599803,61840.0
48194602,29740.0
41239402,26850.0
40813402,88100.0
45301803,66040.0
42731800,62650.0
49095201,40400.0
46974402,44600.0
47600000,76530.0
44292201,41630.0
48968200,80620.0
41462203,77580.0
44550200,88920.0
45761600,31850.0
44167803,28810.0
42259002,63530.0
49962401,24970.0
44253602,42890.0
46588602,48590.0
44740603,32980.0
46169600,46450.0
44288803,37400.0
48194000,49360.0
41488603,60610.0
47923402,37990.0
44987602,70070.0
48006400,48500.0
49705602,65510.0
45087802,58540.0
47983001,51950.0
44520000,32700.0
46731001,33970.0
45403601,95850.0
47064202,24100.0
42474802,59690.0
48867602,64400.0
41209600,33520.0
41880403,32940.0
43996002,35230.0
42328803,32690.0
47862000,48480.0
48062402,52900.0
49969801,35600.0
41070602,38990.0
41925003,34490.0
49756402,57740.0
46780601,32440.0
45563000,28180.0
48998200,34510.0
44878800,24750.0
46941602,27730.0
48126202,42070.0
47659402,67290.0
44712403,41010.0
47812801,36740.0
45254800,48250.0
48260601,79840.0
44445803,28800.0
45165802,44320.0
44471803,49790.0
41856602,20650.0
49112801,40190.0
41638602,29130.0
45801801,126090.0
44557400,32840.0
43684603,65480.0
46525000,48920.0
44524202,50380.0
46141400,47920.0
49533000,38130.0
42636603,29670.0
43012402,31830.0
47493801,68260.0
49382801,43190.0
43824203,38950.0
42373203,41300.0
48883200,57880.0
44471600,31080.0
41590600,98120.0
47056002,67900.0
42436002,49650.0
48786200,99580.0
49219800,34560.0
44066203,99960.0
43338202,32670.0
49727802,29910.0
45544803,23510.0
44895401,102960.0
47172201,25030.0
44780001,46010.0
42576203,45310.0
48261600,51250.0
46358200,42370.0
46884002,80510.0
43104603,43120.0
48755402,70630.0
44895601,23880.0
49729400,47480.0
41626600,76260.0
45416003,81620.0
49169602,105810.0
49814201,39380.0
45860003,40040.0
44719000,60420.0
47455400,27690.0
44171001,49830.0
44595600,48280.0
49536401,42670.0
47378000,26370.0
49970001,94960.0
49896600,38370.0
44131400,64640.0
44303403,26170.0
45184800,68490.0
43239402,50820.0
49628602,41670.0
48479401,25910.0
44146200,44550.0
48505201,27480.0
44935600,43150.0
45160002,76440.0
48995602,31040.0
42471002,34730.0
49693600,79330.0
41529600,57180.0
46047800,29680.0
45051200,81140.0
42690400,44250.0
42978403,38340.0
45407000,89450.0
47937202,55000.0
44176803,51210.0
43742200,32730.0
45634601,67540.0
44824201,44600.0
45548400,41010.0
46508001,85190.0
45957402,32210.0
41452603,23440.0
47357400,26340.0
45554203,47600.0
41564603,35900.0
49731601,53710.0
44881603,47540.0
44504600,51460.0
41057400,34730.0
46471802,53760.0
46553600,39200.0
44671600,27470.0
42672402,57030.0
46108202,52040.0
43843003,45410.0
49366802,47120.0
45303800,33540.0
46044600,27940.0
47418401,27460.0
40981202,27670.0
46294200,66180.0
45855402,38510.0
46590802,50060.0
46317001,41580.0
43227403,73470.0
45756400,25600.0
47143800,32950.0
45469000,39220.0
41276202,38850.0
41574402,26160.0
48268000,41010.0
44479403,35240.0
45132601,42050.0
48131400,25350.0
46937202,25250.0
43636800,79880.0
42115803,32010.0
48301400,61120.0
42411003,46980.0
47332402,16970.0
42689003,35440.0
48076201,47730.0
45613602,33320.0
43241000,52210.0
49863401,37040.0
43865600,22770.0
43784402,54020.0
46099000,57480.0
49117402,38620.0
46188801,49440.0
48847001,33940.0
43418000,81100.0
48419802,53000.0
41470000,66150.0
43218602,37420.0
49987801,58200.0
46007401,35550.0
46261001,71960.0
46467002,37680.0
42348000,62380.0
41873600,96130.0
48322602,43520.0
44121603,85090.0
45519801,89320.0
42269803,35900.0
49404002,46220.0
49804002,72300.0
43005203,56230.0
43172600,52000.0
45579801,49240.0
48090402,55710.0
43538003,129970.0
42904402,76010.0
48145601,89090.0
41616602,69090.0
47845201,33960.0
49196602,30170.0
46145601,87700.0
42345003,27520.0
45154401,28540.0
45351602,43130.0
45565600,81140.0
44717602,84070.0
47794802,29260.0
46599800,47060.0
46188401,54050.0
46867601,73530.0
41403203,46910.0
44688601,34090.0
46954602,69020.0
45479802,64040.0
43377000,37140.0
42193803,48940.0
44919000,37520.0
43330000,57250.0
49618200,43780.0
41053803,51840.0
49629400,33620.0
44264800,32880.0
41349802,16660.0
45154403,21670.0
43836802,31020.0
43083002,52740.0
42621403,35700.0
42737600,27410.0
48708002,120500.0
46447802,24290.0
45756800,23970.0
45298400,23260.0
49259801,54990.0
49456202,105750.0
46571601,55840.0
47157802,34910.0
44746601,38690.0
44681601,24610.0
41841403,25660.0
46042601,83770.0
42186803,27330.0
41000000,82970.0
43078802,40640.0
41836803,24290.0
49053002,53630.0
49337800,46050.0
46053201,52400.0
42911602,66590.0
41304400,26270.0
45444802,49000.0
44773603,29420.0
49639002,55480.0
48578802,54140.0
45595602,26120.0
47903202,96780.0
46300001,20630.0
43870603,31170.0
44647600,42430.0
44665003,44450.0
43336603,83210.0
47838401,45050.0
41572803,32330.0
45774401,36870.0
41194203,78990.0
43380003,42170.0
46538000,27780.0
48825002,22870.0
41808800,57640.0
42305800,55890.0
44868201,26920.0
42010602,38420.0
46673401,42760.0
46384002,36540.0
44860600,70670.0
46234602,31460.0
41224003,30860.0
43360003,44830.0
47046002,32120.0
42003002,27660.0
47236001,78160.0
48648602,80390.0
46934602,27070.0
47839600,23850.0
41448800,22020.0
45723001,39720.0
45616803,57960.0
45174602,67130.0
41392802,44300.0
47779202,68200.0
42968000,50200.0
46661800,35040.0
46211600,22560.0
43640802,34870.0
49309202,33860.0
48611001,36490.0
47823400,53370.0
45249800,33210.0
44883602,106070.0
41368003,17540.0
42797400,51130.0
47545800,57220.0
49546600,71120.0
41928403,29280.0
43443802,66320.0
46624801,23830.0
48200601,23380.0
49274602,31520.0
46391400,27530.0
49276802,58040.0
44843600,55410.0
45477800,49280.0
44527401,46760.0
47636602,29780.0
46190201,32430.0
48484400,98740.0
45860400,91270.0
42350203,48680.0
48844600,27130.0
46830201,44860.0
45796003,50320.0
44554003,30450.0
49858001,34780.0
41236803,19180.0
46468200,29260.0
49502002,24140.0
44767603,36740.0
48826601,47940.0
43432602,33900.0
46961801,28750.0
43026603,60670.0
43952003,53880.0
48197401,30360.0
40840802,51480.0
41762800,69890.0
42061000,38000.0
42402603,58200.0
49285800,46890.0
42341600,121360.0
48083802,56950.0
49911202,63640.0
41478200,35900.0
45482001,99950.0
48133401,31190.0
49906801,62540.0
42846200,41960.0
46323200,46610.0
43378200,38140.0
46877400,109870.0
44165802,39740.0
43580002,32150.0
46801001,30670.0
45569401,19420.0
44743801,76370.0
46643801,47850.0
45586200,34880.0
49547802,27740.0
47583402,28730.0
41795002,54330.0
42597402,39620.0
42193400,51390.0
45150801,56340.0
46728601,71490.0
40998002,27980.0
43416202,75060.0
41259602,24190.0
47173801,58170.0
45347200,36090.0
46665800,66770.0
44134001,41700.0
41457003,60740.0
44386802,65800.0
47481201,47910.0
44562802,53760.0
49725800,81750.0
47508200,68500.0
40915602,28410.0
45768401,40840.0
44928202,29630.0
42555603,51660.0
45859200,68180.0
48764002,70130.0
44666600,47290.0
41972200,25360.0
43124203,30350.0
44891202,33300.0
46817401,54820.0
45891401,30500.0
44951802,59840.0
48101202,47920.0
45722602,56730.0
49252401,91860.0
45051802,27870.0
40955000,98510.0
44298002,46140.0
42664403,20720.0
48635400,37980.0
45897602,80180.0
41863403,15580.0
44589600,55780.0
46972200,41020.0
45789200,64320.0
47123401,56220.0
42675400,30040.0
47903201,97130.0
46115600,63350.0
42368202,20790.0
48476402,114420.0
44406800,54100.0
48074002,26570.0
45428400,42240.0
48925201,37260.0
45802403,50230.0
47142400,65390.0
44726202,63590.0
47422000,25810.0
47588601,73820.0
42668800,21080.0
43922402,31880.0
41218802,30470.0
43593202,50080.0
41293602,32980.0
46695002,50500.0
49951600,26180.0
47856800,56870.0
44693803,34380.0
45302000,77140.0
41841202,55550.0
48685001,34490.0
49025801,81260.0
41695200,26640.0
49656401,89910.0
42726403,78020.0
41918602,25350.0
42989000,30030.0
49688202,54050.0
49294601,36780.0
46747602,41730.0
46787401,46680.0
44995000,56170.0
42403202,47990.0
42043402,34270.0
46086000,46190.0
49611200,34990.0
47517401,40930.0
49150401,41550.0
45187600,19680.0
46092801,27710.0
45323003,76750.0
43654803,76390.0
47264402,43980.0
44695003,54470.0
48918801,33270.0
48285801,20760.0
48950001,62720.0
46281001,48400.0
45269803,46020.0
45746200,48680.0
46007600,27850.0
47988602,31730.0
40819802,68850.0
41847402,23200.0
41683600,44290.0
47822202,31610.0
47980801,91300.0
48855200,46130.0
49913800,40350.0
40965403,34420.0
49477801,58390.0
45662001,24930.0
43985600,95670.0
43893201,74720.0
44732201,33340.0
44032202,33910.0
40841003,37450.0
43679200,25030.0
44141401,69320.0
46878202,63070.0
45106600,33480.0
42920603,85680.0
42760802,47900.0
42140002,61430.0
42714202,37810.0
41647200,59770.0
41599000,41490.0
47876800,73710.0
49495202,51600.0
49942602,73930.0
43071802,24010.0
48752201,80740.0
44100000,58650.0
47445800,114810.0
48820401,94430.0
46635402,53740.0
41961802,82370.0
49314000,98410.0
49113202,41360.0
42598203,44730.0
40928600,79210.0
49651601,75200.0
45866000,31690.0
43551603,81970.0
47340601,49890.0
45355001,23920.0
49981002,31640.0
47552001,40620.0
47061002,66110.0
44706402,34780.0
45657200,47590.0
49071202,80400.0
46276202,63280.0
45369402,45460.0
48958800,28020.0
44425202,40390.0
45166801,40430.0
46343802,57740.0
45376203,28330.0
41016803,47270.0
41475002,66790.0
47098200,63070.0
45529803,76990.0
45250600,38950.0
48485600,75330.0
43372802,76530.0
45804402,23050.0
40859000,49360.0
45992202,90980.0
48346001,34110.0
46995201,107890.0
48464402,30870.0
46839202,93210.0
41194403,55700.0
48344200,52660.0
45165803,59470.0
43936803,57250.0
43580402,35440.0
44598202,38170.0
44948803,62120.0
41151002,45940.0
45181600,45140.0
48369401,43950.0
42180602,72750.0
44324600,35630.0
43686802,78640.0
47861002,37620.0
42186200,40570.0
44742603,24870.0
41244003,21230.0
44320203,58950.0
44137002,43220.0
49011401,62060.0
47578601,36340.0
43755400,48810.0
48781200,49220.0
44141803,39430.0
43379803,53590.0
46581400,55340.0
43091002,65520.0
43883601,115310.0
45239603,47040.0
47486401,30030.0
47541602,29230.0
49227600,32000.0
44943603,38770.0
46379400,36070.0
44082800,118230.0
41258602,17530.0
42261802,57950.0
47973400,45410.0
47098800,49460.0
41143600,85050.0
45456600,54070.0
47337001,81020.0
49135800,36300.0
43498802,25340.0
43251200,39390.0
49275001,31710.0
49504600,73400.0
40916802,54480.0
43243602,28400.0
46444202,37130.0
44489600,21800.0
44609000,32920.0
41771603,68500.0
45939400,29650.0
43927602,86920.0
43918403,41270.0
41055603,42360.0
41252402,16200.0
45440800,35200.0
49118800,44250.0
47788000,34160.0
41645803,33140.0
46438402,60300.0
46449402,40540.0
45143403,76920.0
49449200,33740.0
49847601,30800.0
44035602,35990.0
48335801,43980.0
46085000,44230.0
46711401,42100.0
42991200,29870.0
41888800,22920.0
43524600,36330.0
41939602,31940.0
46503402,43720.0
48255400,54140.0
42417403,41860.0
48044001,32530.0
47953801,69930.0
49914200,63610.0
42634003,37360.0
49028202,27450.0
49922002,39890.0
45346601,58550.0
48577000,41080.0
44693002,32910.0
48502802,31070.0
49033802,34500.0
45563003,36670.0
41789803,42920.0
45795400,34740.0
46784602,52100.0
48377202,47490.0
46777802,32980.0
45064600,120030.0
48941202,30940.0
49215400,34350.0
40892803,35990.0
45913801,79650.0
47055200,34340.0
43061803,30980.0
42799800,42120.0
45773401,32470.0
41252600,15870.0
41599203,107170.0
43623602,62660.0
44861603,48780.0
44334802,29050.0
47605400,53400.0
48337600,35740.0
44192800,44720.0
47251802,106720.0
42228603,71170.0
44209602,108470.0
43053602,59560.0
47653801,99480.0
49745802,39110.0
45561402,34550.0
49530001,30260.0
42796000,26490.0
45516000,88910.0
42733800,66680.0
45873002,42110.0
44607801,52420.0
45381401,56250.0
41019403,24990.0
49473601,58720.0
45566603,46130.0
42166802,91930.0
48699600,35050.0
43570202,33670.0
49059201,45700.0
43512803,42960.0
43081202,47370.0
44041001,56320.0
41726803,30510.0
47322600,43920.0
47348601,71300.0
45840400,49930.0
44486001,50270.0
44649400,64120.0
41627000,105010.0
42640803,32370.0
41897200,27970.0
41940200,36610.0
48558202,55640.0
45087201,32650.0
46495602,95540.0
49355001,36010.0
41205800,16700.0
48805202,53680.0
47292000,48710.0
41576200,29290.0
42118400,27260.0
47052602,59820.0
46147800,60190.0
44743200,11850.0
45304003,62870.0
48859601,145000.0
42069203,25590.0
45981401,50530.0
44010802,32330.0
48992001,36600.0
41931202,38830.0
46944602,33200.0
47691800,52500.0
43405002,44690.0
44252200,41130.0
42289400,37640.0
49972402,69120.0
49566201,45320.0
42143602,22290.0
45933602,29310.0
46144600,30300.0
47912602,102420.0
45589400,27260.0
45234402,25980.0
41734002,24300.0
49346801,38840.0
45629601,36560.0
41605803,57140.0
41365200,41940.0
42389602,30150.0
45640801,50320.0
41564803,31030.0
45976000,139240.0
42876802,28310.0
42600203,34930.0
44169402,22910.0
47042201,26520.0
48685002,88600.0
41866003,22330.0
44689402,48830.0
48530201,33000.0
44467201,24920.0
41162602,64100.0
44791201,57220.0
44186400,37970.0
45381202,43210.0
48735802,88080.0
45085401,45730.0
47611001,27720.0
45512002,50560.0
46950002,94750.0
48993400,45500.0
46954801,30850.0
45505803,46790.0
45142602,41100.0
44801002,50250.0
41537000,31770.0
49390602,38590.0
48413402,35450.0
44194603,120670.0
44125003,32330.0
43877603,36350.0
48792602,43700.0
41007802,83080.0
46569000,36080.0
46021201,40480.0
43228000,54650.0
42283003,41190.0
47917600,43880.0
47620400,33300.0
44592802,41140.0
48077602,45930.0
42414203,41560.0
41590802,29220.0
46952601,39300.0
42678202,51810.0
47773002,38180.0
41363003,26230.0
46389402,28620.0
42873003,60600.0
44952801,49110.0
49195200,97230.0
43268003,34950.0
49575400,47570.0
41464403,83340.0
48762200,21680.0
48185602,72010.0
41229603,15590.0
49579200,49990.0
44106000,61350.0
48088801,36070.0
42908400,79170.0
41232800,19340.0
45749002,26360.0
40963803,51040.0
46881400,62450.0
42313003,43960.0
42677602,36230.0
42756802,32530.0
42600002,30600.0
41505000,66100.0
46926601,85030.0
42587202,95170.0
47757602,97070.0
45307003,69280.0
47043202,46760.0
45059001,60310.0
48486000,50910.0
41504002,61020.0
47694602,37790.0
47879401,102030.0
49913602,38270.0
41329402,15020.0
46055000,108710.0
41112603,42300.0
47484802,48510.0
42626002,94180.0
40973600,29380.0
42629603,51050.0
41603003,43720.0
48831002,38800.0
42654402,51590.0
49903601,98200.0
43992802,80190.0
45285600,68770.0
40828803,33470.0
45932802,75670.0
47597800,51240.0
47763000,33850.0
46574402,27550.0
44733201,100240.0
47966002,34480.0
44343602,40240.0
45752200,81150.0
43133602,67330.0
45725202,41310.0
41708000,22870.0
44194802,28030.0
48240601,52330.0
47525201,40500.0
40845202,91050.0
43534003,36820.0
45689801,55390.0
49313400,34070.0
47282201,28620.0
48576400,60360.0
42388600,23360.0
42494600,39180.0
46154600,52590.0
45592200,39350.0
47970200,73290.0
46372801,46920.0
42599602,70390.0
42135003,41970.0
47193001,44470.0
42761002,96800.0
49760602,39780.0
45208200,78350.0
48489602,24240.0
43991202,25200.0
44312802,75240.0
41456603,25300.0
46036601,26110.0
49056202,26640.0
49887601,36810.0
46639602,24420.0
41433400,87380.0
44857401,49210.0
43258203,37070.0
43861001,33280.0
44973603,34310.0
41706200,33880.0
44969603,98560.0
48884802,35760.0
43517000,104850.0
46599600,69190.0
46397200,113270.0
47630800,47140.0
41140602,99850.0
44140600,89090.0
44239803,44290.0
41828003,17150.0
49829801,28460.0
48346802,41460.0
44688600,53690.0
41558600,24610.0
49912000,38440.0
46374800,69900.0
48349801,32710.0
42112800,29150.0
42752603,84130.0
45777200,32600.0
47533001,28560.0
49186600,42830.0
45470801,61690.0
48116202,61150.0
42801402,30480.0
49617401,59580.0
48422600,35840.0
42193403,43470.0
42439600,39530.0
44721802,90010.0
49019602,44930.0
45487200,45080.0
48145000,29290.0
42183603,26860.0
45857001,65920.0
47547800,58110.0
42704803,35660.0
44195002,25580.0
47876402,54640.0
41114803,51930.0
47056400,74390.0
48416002,47350.0
49247602,115480.0
49971802,43670.0
41408603,81150.0
45408802,39720.0
40886402,33980.0
48637600,47940.0
41187202,41120.0
42805803,42270.0
44956200,55970.0
44848000,70840.0
49130601,90110.0
48046400,51830.0
44685001,69650.0
46575801,28720.0
48054000,59660.0
49257000,43310.0
48110400,44260.0
40806203,107050.0
43168803,114500.0
48355401,45070.0
48382801,58050.0
44251800,32790.0
46346001,41160.0
44190400,84640.0
45042403,56680.0
49039202,46310.0
47861201,32220.0
44632803,33180.0
47969801,65690.0
44783402,71690.0
48501200,148370.0
49860202,52960.0
46688401,37200.0
47003800,23890.0
45348603,44260.0
45332000,63040.0
44696003,35140.0
46911601,29670.0
47010602,47410.0
46532000,57080.0
45536403,74980.0
42961000,28600.0
44488400,44150.0
46321602,77590.0
42595603,52780.0
47424600,36830.0
42341002,110980.0
44889200,34610.0
48176001,67070.0
43964803,84480.0
43021400,48030.0
46680202,33750.0
43911002,38330.0
45624601,36260.0
48907400,22130.0
48529201,29490.0
42276802,63980.0
41281403,17980.0
45820003,69180.0
44094601,37250.0
45484200,24260.0
43440602,52180.0
41935400,32610.0
45415200,53080.0
47460602,29960.0
43028203,28680.0
41542002,34780.0
43937203,36310.0
41725403,44540.0
45950202,33120.0
45442403,22240.0
49803000,32980.0
47824602,25760.0
45767001,33880.0
48728800,70380.0
48407600,38050.0
45282002,30480.0
41114403,29850.0
48535601,33560.0
45561400,78710.0
42777800,76010.0
46677602,52580.0
44606603,41740.0
48269001,64680.0
42184802,37050.0
45516800,35000.0
43382200,38150.0
42175403,84170.0
45103600,49590.0
43464403,67570.0
44240802,59550.0
47305600,52570.0
45639801,24440.0
44166003,42210.0
44920600,49260.0
43921400,43780.0
47025402,45650.0
43412203,45260.0
46571602,55320.0
47612602,89310.0
46790801,37970.0
43929803,25270.0
46088801,39000.0
43979602,101080.0
41465802,87650.0
44985402,34320.0
41360402,20580.0
43182202,24310.0
48928601,56360.0
46206400,34340.0
47129801,40920.0
49538002,28570.0
44307403,47440.0
40837800,21590.0
44268203,44130.0
47570602,42900.0
48695402,21470.0
41794203,92340.0
47746200,23030.0
45134000,50940.0
44105201,50710.0
44335200,20920.0
41484600,20530.0
45312002,29550.0
44701003,63250.0
42968602,50150.0
44407601,96510.0
43846200,52510.0
47498201,71540.0
41749400,37530.0
45910602,51750.0
41256803,27060.0
48423202,64350.0
45626201,24600.0
46722400,86060.0
44920602,45390.0
44904003,32310.0
44281600,37700.0
42012202,26470.0
47146602,46200.0
43904402,74420.0
48507001,57500.0
43279402,26960.0
42182002,42050.0
44427602,61060.0
41251403,21280.0
46571600,49440.0
44869401,57760.0
49528800,52550.0
42337603,37010.0
45152003,32000.0
47676601,70570.0
45421800,54570.0
42046403,40820.0
44580002,34790.0
45130003,36260.0
48109801,33440.0
49786600,33360.0
40952402,29350.0
45617802,56170.0
42071603,35660.0
42796802,52040.0
41368602,25030.0
48293200,53570.0
41524000,37510.0
46665200,105230.0
41351800,35290.0
48600800,57990.0
41170600,29720.0
41117403,43830.0
45742003,39230.0
48180602,34690.0
42663802,19760.0
49820201,39330.0
42521202,77540.0
45827402,33440.0
46619400,63010.0
42104403,55470.0
43186003,63920.0
43489202,27750.0
45859402,44390.0
47717001,25520.0
42864800,29720.0
44041201,39940.0
44100600,33600.0
43009000,53130.0
44220401,77840.0
47347401,85780.0
42635802,31360.0
48524002,36990.0
41344402,29460.0
43573603,40100.0
44905600,28710.0
47880201,36000.0
49521400,37370.0
45810001,30890.0
49098602,48570.0
44881203,78230.0
48377201,29400.0
46482602,44280.0
48943601,70690.0
46406802,41960.0
44477800,35440.0
41803403,62610.0
40947402,36650.0
48993001,33560.0
45358800,49800.0
49813600,34880.0
44033802,27530.0
48437001,29710.0
41082002,89770.0
47807001,47480.0
43030403,23940.0
41308803,31670.0
45325203,56640.0
48810200,50270.0
49667200,55040.0
45173601,29950.0
47122401,39190.0
44410203,88700.0
41433203,43430.0
47092602,57110.0
46146802,27860.0
47241400,27140.0
49494800,40790.0
47717402,33880.0
44473600,38610.0
48971001,34710.0
45557403,38200.0
44427803,38820.0
45537803,58070.0
45544003,45710.0
49965602,65330.0
41257403,25330.0
47256400,49730.0
41826602,29400.0
44302000,51380.0
41806803,53580.0
41017000,26690.0
41042200,103560.0
47683400,50350.0
45348600,32480.0
45422600,35080.0
44573801,37680.0
45710200,27580.0
47768201,103990.0
42329400,54410.0
49930402,41710.0
46308202,41520.0
40856000,56430.0
42651803,46810.0
47437600,31390.0
48179600,34910.0
48045400,60490.0
44622603,28320.0
43678800,66620.0
48138401,37470.0
41548200,41270.0
45428002,28950.0
41163002,83200.0
47481600,53920.0
44244602,36550.0
42331202,67380.0
48716402,38400.0
45472803,44860.0
44208400,37440.0
43674000,56790.0
42842603,24550.0
44701402,23650.0
44235601,40600.0
43450802,35750.0
44545200,47020.0
45375003,79940.0
46374601,19470.0
44399200,74070.0
45227001,30930.0
43524000,40580.0
41384802,22520.0
41920603,17830.0
44070001,67800.0
40842403,25090.0
45194201,62860.0
41103202,41840.0
42123002,40890.0
43795403,34920.0
44955203,38220.0
48714001,26960.0
48564600,62170.0
43830603,23380.0
47379001,35390.0
47257802,79740.0
46560400,44390.0
42446002,77720.0
41635202,48740.0
43242800,60520.0
45356002,33990.0
49159801,40570.0
45699003,57780.0
44912601,32050.0
42946603,35180.0
44588600,52840.0
44708003,46260.0
41969602,66870.0
42027600,43710.0
45830000,43480.0
47565400,49000.0
46497800,30100.0
46270802,70340.0
45974200,48130.0
43903403,74720.0
48109800,65140.0
45448602,39390.0
45803603,32980.0
44144400,33830.0
48488401,45470.0
43062202,43360.0
47609802,80570.0
43426202,38580.0
41723400,56030.0
45250201,41600.0
47571002,30020.0
45071401,65790.0
44694002,35560.0
43903001,28830.0
48453201,96210.0
45803402,30680.0
48351602,28930.0
49806002,37390.0
46323402,48030.0
43423000,40930.0
41464602,109720.0
46668601,64480.0
41989802,44400.0
41794800,42150.0
47672200,45230.0
42880400,47670.0
42925602,28070.0
44097601,31230.0
44171203,34790.0
40911402,52480.0
49242801,26740.0
46650401,55140.0
44367803,47120.0
42590000,47040.0
42292400,55790.0
48109400,52960.0
44753600,20890.0
44868802,103830.0
44969401,97350.0
40916602,27030.0
47978801,95990.0
44477801,42760.0
43837403,60660.0
46332802,68570.0
48981001,25680.0
46182002,30080.0
44269401,56180.0
45311601,37470.0
46753400,30050.0
47417602,33700.0
44073400,42620.0
47706202,71190.0
42907002,44930.0
49681201,40080.0
43799202,42890.0
41448402,61480.0
42773803,82790.0
46396000,26860.0
41928600,86170.0
45722400,39550.0
44670602,50380.0
48505601,33690.0
45744400,34560.0
42846600,29570.0
42465200,33300.0
44016402,56450.0
46198800,22610.0
41237603,26850.0
49388800,98050.0
44543602,40560.0
42251200,32430.0
43389400,50230.0
42526000,28750.0
42869003,149300.0
48218400,22540.0
47314202,38610.0
42983800,31500.0
47243200,31460.0
47681602,85290.0
46121601,56640.0
42597802,52170.0
45230001,33760.0
49959200,32670.0
40807003,47840.0
45957200,51320.0
46065202,85450.0
45197203,60170.0
44548603,45980.0
42039403,29180.0
43956201,49760.0
41291802,26200.0
43142403,42290.0
49491800,102560.0
43888003,29080.0
48783402,70880.0
40885003,26680.0
43507602,48850.0
41376803,32490.0
41340400,15150.0
40994400,82130.0
42436003,44310.0
49825600,93560.0
45581202,29040.0
49772002,60930.0
46272201,44400.0
47298402,33850.0
45315802,27020.0
44365801,37660.0
44567401,98050.0
47166001,31810.0
45579002,48480.0
47750600,52490.0
44390602,82050.0
41564802,22440.0
43811202,62490.0
45697803,26150.0
48717601,59600.0
48649002,59290.0
44563602,35050.0
49492202,26710.0
45938601,43190.0
48424402,69640.0
42148603,44200.0
44647403,52610.0
45887601,49020.0
43889801,23770.0
45290603,69810.0
44337200,48010.0
48508602,62600.0
46588402,42650.0
45890800,25950.0
48448002,56630.0
44921803,48550.0
45996001,40020.0
44802603,68190.0
46360001,52100.0
41589202,41960.0
41951400,26230.0
44121602,39560.0
47866402,62080.0
48304000,70530.0
45881402,25770.0
42484603,26550.0
45444402,77160.0
48371001,39360.0
49187201,39350.0
48223402,42920.0
40950603,35000.0
46001002,32380.0
44716201,60080.0
48713000,22020.0
47959401,37960.0
44263603,111430.0
43420202,27600.0
48780001,47440.0
41064400,25890.0
43774602,34650.0
42708803,57810.0
41752603,22250.0
49459601,51810.0
44330201,110580.0
47873001,66910.0
46626801,49180.0
48717800,31240.0
41241202,29030.0
43697603,32590.0
49317402,26240.0
40815200,18870.0
44766000,54530.0
49463402,56780.0
46217401,46110.0
42975003,52400.0
42177202,25570.0
47373602,58230.0
48621400,57940.0
45628602,47690.0
49094001,32480.0
43262203,33290.0
44598802,86780.0
46493001,38560.0
40931802,106120.0
46132602,45470.0
47425200,39780.0
48064202,51840.0
40985403,72270.0
49496002,32360.0
43100002,35300.0
46917402,50360.0
44879202,41280.0
45171603,40420.0
42263000,29470.0
45436601,50540.0
45298801,71680.0
40982600,29260.0
45237203,86390.0
49927401,36870.0
48282800,73680.0
44390000,58800.0
41369800,17130.0
48812202,42940.0
44284401,84160.0
47546001,29700.0
42778203,41090.0
45355403,58050.0
46916001,33540.0
45786803,40740.0
44781603,77430.0
49656000,33360.0
47217801,51820.0
47266802,50890.0
41291602,28090.0
46205802,79970.0
43564002,38310.0
47814802,32730.0
46512202,74860.0
49889201,43100.0
48290602,28770.0
49420002,62580.0
49491000,25040.0
47585202,19470.0
42551202,26370.0
47687200,44060.0
44992001,70990.0
41519803,53850.0
46856001,24120.0
41646400,69010.0
41284202,25490.0
40842602,43220.0
43078602,53150.0
42248202,44830.0
40974602,38430.0
48211202,29700.0
49926401,56240.0
41838402,24190.0
41937802,25110.0
49535600,36160.0
42187802,43380.0
42470003,96320.0
47764400,43910.0
46959202,59360.0
41084803,25300.0
45810201,74220.0
49713600,28830.0
41459002,57870.0
44546602,45180.0
41125000,33130.0
42357403,40930.0
44028601,33190.0
42382200,70650.0
44807000,34500.0
49329400,26360.0
48327801,37810.0
48358400,43440.0
48809600,60660.0
42940400,71000.0
47318001,51090.0
47082601,80630.0
42241803,42300.0
45408602,34650.0
45691802,22750.0
47460002,27630.0
45590200,34260.0
49418802,40690.0
46954601,37640.0
49780001,31180.0
45919602,90750.0
48364401,120030.0
42110000,69510.0
44700000,34930.0
46508002,84860.0
45339801,92880.0
45394801,29760.0
46622801,41400.0
43974000,78450.0
49340600,29430.0
44707600,97070.0
45520203,87810.0
42286002,29990.0
46584402,88250.0
43225203,87890.0
44930601,36760.0
48063002,67670.0
42587402,55380.0
44358803,68240.0
46228401,56770.0
42344200,51100.0
47878801,97340.0
42847003,27010.0
48916800,31220.0
48045201,65630.0
46671000,22700.0
45620803,22910.0
46001202,44560.0
48865202,41940.0
49752002,155410.0
41587802,37120.0
46934201,34270.0
49556002,48310.0
47491001,66210.0
42712603,134230.0
42286003,35230.0
46964801,80550.0
44890403,32340.0
48328401,57340.0
44400200,39210.0
44770802,53690.0
47118401,34200.0
44394801,34590.0
44209802,38810.0
41742000,37890.0
49816801,55510.0
46387001,82900.0
48342202,29920.0
49442800,104300.0
43161600,69360.0
42469203,32840.0
47865602,64890.0
40892003,27770.0
44926001,40670.0
41540402,47120.0
44218403,43140.0
43276203,41860.0
41253002,15530.0
41570802,46010.0
41345402,16600.0
45720400,31480.0
43647200,41170.0
42556400,35220.0
46293401,28450.0
49848201,57120.0
46963402,59440.0
41737002,29380.0
41282400,32700.0
45913000,33450.0
43332800,29120.0
41450803,59130.0
49035600,63800.0
47950801,37980.0
48845401,24790.0
42986802,43970.0
40994602,49510.0
42884402,25050.0
44045800,77830.0
45430201,49270.0
44381200,48070.0
43653402,81100.0
43891401,39000.0
47805800,29650.0
45305402,55230.0
46423602,35330.0
43846600,25240.0
43416802,36630.0
46234600,42070.0
45090402,59440.0
44167601,58800.0
41549803,111160.0
43261600,28630.0
41153603,32480.0
44864003,66160.0
46040201,40280.0
41470803,32410.0
46628602,55970.0
49685001,51530.0
41375400,27410.0
46257402,95550.0
48681600,27280.0
48596201,35120.0
42798400,29760.0
46312000,41880.0
43230803,31870.0
45777402,62210.0
46103602,84760.0
44804800,34160.0
47241601,78040.0
43788803,65610.0
41113002,43980.0
49217402,49440.0
49353602,32200.0
49180801,31100.0
41619403,16100.0
41359003,29470.0
48596401,54580.0
45239002,30160.0
44415802,79570.0
45514800,67560.0
49623201,48390.0
46177000,45990.0
44649601,25200.0
45681400,28490.0
46072802,34370.0
47676602,70470.0
46509802,46350.0
44138402,39600.0
42092803,53610.0
45514600,39530.0
49613402,31510.0
45406602,59110.0
49183802,52410.0
41230202,17620.0
47861600,32110.0
46606400,67830.0
43562403,90680.0
47521400,55620.0
46737401,97070.0
44926801,81440.0
44919001,54530.0
44574603,42140.0
44787401,33800.0
41866600,17000.0
48306802,38530.0
49305202,27320.0
43793402,39370.0
48603401,67580.0
46239802,62840.0
45833601,30110.0
44061400,40510.0
41365802,43790.0
42031003,80700.0
42034403,61640.0
47544402,46610.0
44753802,72370.0
47833001,33530.0
48247000,30860.0
44961200,44090.0
47483201,93940.0
41723403,56370.0
45411401,55840.0
44689203,32820.0
45820401,23030.0
47987201,29150.0
45583201,27930.0
44988402,39310.0
42144203,36600.0
47353200,68330.0
45612803,37840.0
42056200,29550.0
49202402,61970.0
45973202,38030.0
48410602,37590.0
49490801,36190.0
46294402,62340.0
44224802,57190.0
45524402,49980.0
43378003,29760.0
43143403,31990.0
49264200,50910.0
45593200,29140.0
42982403,63490.0
41670600,50910.0
47049000,20410.0
43654202,37820.0
44747800,26810.0
43021600,49980.0
45721400,52780.0
43534202,79250.0
41460602,37480.0
45079000,27490.0
44627601,68170.0
44212202,72650.0
42765403,59740.0
41666000,21440.0
46401000,74440.0
45604603,51490.0
42243400,91510.0
47898202,69640.0
44891602,37780.0
48186002,70050.0
49474800,66210.0
45608202,52190.0
44789403,46400.0
47762201,63420.0
48350202,68650.0
47625801,50390.0
43581402,49440.0
48496400,29280.0
45364003,75270.0
48371802,51010.0
45961401,73640.0
48593400,31980.0
46922400,28340.0
43904201,54610.0
43820003,48420.0
49251602,32610.0
42635203,45140.0
41338000,29090.0
48206000,22290.0
46868202,32520.0
44453600,39960.0
49014400,45900.0
46584400,37490.0
48786202,101500.0
42906002,19740.0
47597000,64050.0
43335003,30820.0
41504600,35370.0
47875600,38990.0
41009800,38690.0
47887002,70290.0
48918601,31660.0
41284802,19570.0
42028202,46350.0
42470203,29840.0
41851803,73340.0
41214203,15330.0
43103202,100690.0
45252202,22520.0
45338403,32030.0
45981002,37810.0
49329401,82760.0
46344801,42750.0
43746003,27270.0
43938602,37000.0
47420200,54400.0
43041000,72220.0
41986402,20520.0
47089800,32110.0
41264602,18810.0
44834203,62970.0
42868002,34710.0
43992600,67490.0
43726000,47290.0
45875002,101340.0
41981602,87360.0
48911400,25970.0
44678600,30130.0
45250202,38020.0
45437003,50540.0
41042400,36760.0
47025802,116340.0
48720200,23100.0
48009201,24720.0
44023201,25710.0
44884001,96210.0
44221003,101870.0
41649603,31860.0
47691401,25140.0
43862001,31520.0
47465600,36930.0
42608003,36220.0
47837401,41010.0
46734800,73880.0
45674003,63450.0
42485602,27020.0
41957603,31450.0
44571001,75800.0
44746400,17870.0
41436002,49680.0
47345400,70240.0
44221200,64520.0
41198600,39020.0
43000803,75890.0
49139602,30410.0
43969602,30540.0
41301400,18540.0
41743800,44240.0
44080803,33340.0
46270801,71620.0
44528400,76270.0
42238802,56050.0
46519000,37650.0
43420400,43920.0
49845602,41240.0
48752802,40790.0
44500401,86960.0
49995400,36250.0
46064002,48490.0
45991001,85460.0
41172003,37480.0
46510400,99730.0
49907201,25870.0
48922400,28870.0
45396603,98100.0
41467802,30240.0
44012001,48030.0
48687000,48630.0
47138402,104270.0
45987001,34410.0
47523201,112140.0
48136602,22940.0
46520801,32980.0
49698601,30620.0
41026203,26460.0
45239400,28000.0
42661200,22940.0
46886402,76460.0
45991401,44030.0
43026003,30710.0
48201600,29260.0
45250402,36810.0
44012602,40830.0
43160402,32680.0
40899200,62570.0
46347202,29240.0
42168403,71080.0
46986201,49540.0
46924200,83010.0
40864602,39330.0
48150200,32010.0
41074200,32340.0
48098402,48070.0
43294203,69850.0
42405400,46910.0
43861002,29810.0
44945601,44840.0
43439202,61580.0
44926603,46490.0
43068203,28690.0
49635802,30970.0
47346602,35460.0
49547202,39730.0
42407603,56910.0
43750203,35560.0
48356201,31870.0
45927202,83320.0
47148400,61050.0
45789002,28790.0
46313402,47260.0
44775203,29160.0
47327200,67000.0
45201802,41810.0
49924400,84020.0
45076401,77880.0
44717400,86590.0
44877200,24750.0
44363201,46360.0
48617401,59250.0
41582402,23620.0
41167803,74490.0
46218801,98270.0
48160600,29150.0
44884203,89620.0
49454200,33600.0
45250603,28990.0
49718002,46220.0
44615401,65300.0
47294802,42130.0
42494202,26620.0
46690202,34220.0
49508602,199120.0
40993600,35220.0
44246602,45130.0
49041602,33720.0
42536600,31930.0
45064403,46570.0
44264201,39060.0
49382201,46630.0
43468202,66270.0
46710800,47530.0
48841201,62040.0
44380603,73550.0
45536602,44330.0
47893401,62740.0
43374202,47600.0
45610202,26880.0
46695801,65240.0
48443000,57750.0
42410400,71190.0
41082802,46760.0
43030000,48680.0
41697000,55240.0
44356603,21720.0
43301003,36500.0
44840000,60100.0
46340200,89730.0
43531800,40620.0
45163601,34030.0
46371600,102620.0
47387800,88400.0
43739803,37530.0
49842802,58020.0
42625402,85020.0
47654000,20480.0
47431200,29820.0
47020202,46100.0
44109000,47060.0
43369603,34350.0
46338801,36820.0
49824201,79050.0
45191800,88180.0
49502801,72200.0
48821401,37740.0
42788200,89890.0
44651001,26280.0
41419803,56440.0
41295602,28340.0
49599000,49150.0
49886402,110240.0
45568803,43410.0
43137403,37060.0
47194600,24700.0
47533201,72230.0
45862201,32660.0
45503601,61660.0
41498203,79130.0
46142000,65760.0
43120603,49470.0
47870401,28100.0
44591202,30990.0
44179401,26590.0
43258000,45370.0
45291200,55110.0
41499402,54950.0
44374603,45440.0
42045402,21900.0
47028602,28370.0
46265402,40370.0
44942800,37810.0
46677002,37880.0
47476802,34930.0
46986400,40330.0
44834201,40780.0
47551002,38900.0
49428602,30950.0
43654403,34390.0
42115800,29650.0
45878400,116710.0
48689602,58820.0
49056001,52080.0
44385203,23930.0
41354402,33420.0
44663801,87090.0
48767402,38290.0
41029202,49860.0
44004402,50200.0
44179400,24410.0
44204200,32850.0
45287600,64700.0
47227602,32500.0
47143001,38840.0
47734800,61890.0
46280600,52530.0
43077403,34600.0
45592601,28960.0
41521603,50750.0
45971802,36480.0
41943600,35820.0
41548802,52920.0
43975202,99340.0
40833600,62830.0
44854400,38230.0
45424200,30780.0
41247402,16440.0
41447002,34300.0
45884602,37020.0
45581600,81100.0
44799403,30830.0
41547002,16970.0
43286203,57210.0
46915601,30370.0
41044802,88580.0
49632000,35400.0
41584603,65010.0
43998802,44060.0
44198400,52670.0
48446400,49220.0
48023201,48700.0
45163803,69410.0
47409602,31030.0
40818003,27720.0
43351602,44510.0
49685000,51520.0
43596402,62690.0
47852800,52150.0
47363600,63360.0
47727600,42040.0
46748600,66720.0
47180800,97060.0
44618001,72760.0
45462003,54140.0
44864401,58960.0
44347401,26380.0
44789003,72640.0
43221602,43640.0
44644601,28340.0
42074200,41090.0
48229802,64370.0
44455402,121540.0
46853402,44810.0
41533200,39310.0
49160800,61480.0
48774601,60640.0
44811801,59150.0
45488200,76650.0
43678802,25110.0
45923001,34260.0
48131401,34480.0
48148200,26750.0
47946601,12530.0
49614401,38150.0
42149602,26090.0
46172002,35070.0
49871401,27330.0
45847800,49810.0
41695003,27500.0
49105400,56330.0
48276602,44010.0
42928800,64050.0
41549400,26430.0
46557401,31850.0
44975400,54350.0
41785800,24400.0
48215200,64280.0
45195003,58750.0
46994600,28220.0
43760402,25940.0
40859002,65420.0
44672600,111180.0
48781802,28350.0
42019802,38460.0
49104201,25000.0
47530402,25330.0
48110602,37420.0
44561602,36320.0
45722402,22080.0
44887202,104330.0
46107200,26050.0
41055202,40310.0
43140203,33030.0
48959600,44360.0
44637403,23840.0
46403202,19090.0
41149803,22230.0
41256402,27270.0
40843800,80340.0
49866001,26460.0
44711400,28550.0
44905200,44990.0
45319200,32270.0
47719201,31940.0
45090802,102190.0
46923002,56230.0
45840202,23570.0
46203200,30820.0
41757202,29370.0
43276000,38360.0
41434400,80560.0
44901203,44970.0
41322403,39250.0
43383800,41150.0
42392202,45640.0
48130802,61490.0
41047603,52680.0
49466201,27190.0
49230401,51870.0
42419402,54020.0
47274802,39570.0
44143203,44250.0
44219801,29650.0
49711800,32130.0
49537400,50760.0
42705200,51620.0
44544600,33090.0
41248802,15860.0
47817001,30260.0
40871602,93150.0
48578200,51280.0
45416601,49240.0
41933800,28260.0
41146600,42940.0
45218002,38910.0
44380001,36190.0
44545202,117120.0
47497802,34540.0
49422800,31740.0
49234601,58800.0
41498202,81760.0
43871200,34990.0
47712200,49860.0
44232800,63180.0
45317802,40550.0
43265002,80530.0
41256800,27080.0
46830801,58440.0
42556003,21710.0
47755600,90330.0
41359203,25570.0
43699202,64280.0
49535801,63360.0
45155403,108960.0
47559202,33900.0
48650201,23340.0
48200602,29120.0
42594802,42970.0
46033000,76320.0
47010802,36720.0
45005201,35730.0
49867802,28740.0
44908002,24720.0
42832800,29550.0
46279201,58290.0
41221800,16920.0
49433601,69200.0
41211600,24290.0
47642200,34390.0
42625800,38600.0
46359001,42810.0
43685603,81700.0
49868002,23830.0
41246602,30590.0
45065402,69700.0
41699600,50990.0
49101401,65000.0
48844601,101910.0
47863800,58630.0
41042203,26740.0
42148400,99030.0
41837603,30820.0
47638000,31270.0
48681202,38510.0
42716600,80480.0
46160601,40610.0
47351600,21290.0
45640201,96110.0
46380601,58250.0
42258802,63140.0
48906601,36720.0
43794600,46610.0
44934002,37060.0
49126802,38520.0
46778200,51940.0
45391203,30270.0
41364203,20970.0
44970200,92680.0
45937202,94600.0
48152002,33610.0
49578402,27410.0
48441202,44920.0
49887400,32630.0
41299402,16740.0
45161200,38210.0
43690203,49970.0
49191202,91760.0
45691601,84400.0
49687602,57850.0
41233602,27390.0
47040601,43140.0
43809202,62000.0
49700801,91180.0
48624002,58210.0
43155002,80510.0
45418403,101660.0
46608601,66690.0
48337200,22240.0
48508200,95730.0
48686200,77900.0
44421801,32440.0
43174000,85720.0
41870003,28510.0
41808200,73730.0
43905603,100140.0
49822401,29850.0
44486802,94420.0
47576202,35030.0
45532801,25400.0
42150402,22550.0
41358802,20120.0
46837401,40530.0
44163801,45360.0
42039402,38640.0
47694400,44610.0
45902602,29840.0
41297600,20650.0
43843800,68510.0
46876601,48870.0
47910601,38530.0
43277403,35100.0
43368403,47070.0
42474403,39540.0
42311602,31650.0
45014802,45950.0
44810800,50200.0
44641001,35080.0
48335401,53200.0
48340201,30890.0
49678802,47930.0
46705200,28920.0
42725600,43500.0
49792601,73000.0
47592400,76730.0
44487600,43720.0
49177402,94200.0
46009400,31850.0
41181402,38600.0
48683202,33270.0
46375602,34590.0
46068601,93680.0
45544400,55120.0
42472003,46930.0
45300202,83360.0
49968201,49660.0
42770602,98420.0
42677003,35940.0
45110801,55590.0
44525203,33960.0
44760001,44930.0
41026803,66690.0
45221802,30500.0
45841403,72250.0
47533402,80280.0
41482403,57620.0
41572602,48060.0
45194001,68920.0
44493001,31030.0
42283603,33270.0
44985600,44970.0
41555600,38480.0
49748602,51370.0
40808602,30040.0
47299200,34600.0
46759002,24440.0
45064802,39970.0
44633401,67640.0
46587601,51390.0
45212200,39120.0
47417402,77660.0
45370002,42150.0
46383200,33720.0
44172800,43090.0
48063601,27870.0
43155800,36720.0
46678400,61240.0
45310003,31260.0
49758402,28560.0
47760401,110500.0
43623803,41150.0
41812600,42030.0
41349000,16630.0
47207402,75900.0
44260801,38850.0
46104002,32870.0
44085400,34450.0
43687003,33790.0
41254203,22130.0
41893402,30630.0
45875000,25780.0
49930002,71360.0
44470203,47270.0
47856801,29430.0
49544201,40560.0
47735402,49210.0
43045602,25930.0
47723202,52700.0
46479000,71040.0
41319403,27330.0
42079202,27490.0
46612401,36580.0
40882002,38990.0
45357800,26430.0
48979200,30680.0
48576202,45200.0
45392801,40370.0
45167402,40070.0
44009402,71020.0
45091001,28680.0
43857003,50970.0
45537400,26600.0
45391401,26250.0
42518800,69490.0
42461003,41370.0
41569800,24030.0
49635800,46860.0
44454601,45150.0
46960002,51230.0
46310001,80360.0
49482201,69390.0
47624802,74010.0
44110200,24700.0
48193402,47420.0
42640400,72600.0
45055203,39830.0
47571202,27940.0
44579400,25500.0
44156003,58360.0
41969202,37250.0
44387602,53580.0
44047801,42140.0
41531800,37300.0
46956801,30240.0
46590202,66480.0
44324003,53400.0
45580202,28440.0
42824802,62220.0
43794803,32810.0
41535603,79720.0
49870400,87860.0
46194600,43440.0
43064203,26620.0
44664003,25740.0
45638200,37430.0
46517601,22600.0
42242802,55060.0
41088602,29080.0
47475802,46680.0
49411802,70890.0
44937600,41840.0
48618600,50480.0
49328200,42680.0
47712201,76210.0
49895602,27370.0
48614600,41120.0
49023802,28490.0
48824402,32410.0
45195401,52270.0
42418603,58760.0
46910000,85500.0
45645600,66840.0
46398000,65200.0
49327600,58460.0
42102600,31080.0
41037002,44160.0
47031002,55360.0
45849000,63610.0
45590000,48590.0
46747200,29780.0
48489200,20900.0
41494402,23780.0
42600003,158930.0
45055603,40970.0
44120402,27400.0
49006202,58100.0
46279600,56760.0
46998600,35830.0
46408802,36600.0
48466601,37470.0
43103600,34380.0
49378201,32230.0
48688201,39550.0
43194403,48800.0
40896202,32910.0
45622601,52330.0
42733402,47560.0
41047003,40990.0
48169202,49170.0
45087801,27080.0
45026400,63490.0
41794802,32530.0
47776002,37210.0
43549403,52400.0
42629803,60400.0
43863400,30210.0
41696803,39270.0
49211402,54240.0
48518602,37680.0
45937201,77350.0
47781800,70880.0
45804800,29570.0
43414402,32710.0
42640000,47260.0
43173800,36150.0
49629002,36540.0
44551403,34480.0
48318402,30620.0
43878201,76960.0
44556600,25010.0
46425202,94470.0
49361400,35890.0
41693402,19210.0
47485401,41170.0
44864403,58960.0
43614603,51220.0
41124403,43370.0
41997200,24300.0
44877001,44660.0
43082803,73980.0
44517602,50480.0
47463000,45100.0
43468200,21860.0
43307202,39560.0
42979800,49060.0
42537202,35950.0
48433600,83980.0
40826800,33530.0
49024802,58450.0
47218801,81440.0
47893200,61430.0
42403203,37320.0
44559203,38000.0
45123201,34120.0
42848802,23560.0
45623802,62980.0
46835002,19970.0
41792000,84960.0
44115803,64290.0
49642001,35060.0
47577802,59470.0
40861003,23890.0
44910203,27590.0
41374802,22080.0
43115200,45050.0
45996002,40420.0
49107402,52410.0
47896602,90780.0
44918203,41380.0
43639002,51810.0
44881201,23490.0
45651003,67110.0
41306003,16460.0
41239202,28220.0
41477000,73520.0
41049200,107710.0
40972800,36620.0
46349801,62670.0
43566000,41810.0
43940002,76930.0
46069600,27500.0
45773202,25620.0
45704003,44530.0
49030201,68440.0
44448000,67920.0
45175202,71190.0
46579800,42470.0
49540802,32180.0
43596602,61450.0
47077801,70530.0
41936400,77780.0
45906801,45850.0
45637401,41790.0
48078800,43320.0
43990403,29470.0
43658000,27270.0
42612803,24660.0
48829802,70760.0
45499801,27090.0
47257200,29540.0
43183400,31770.0
46935001,42230.0
44863602,48890.0
44012603,64720.0
47820002,27260.0
44158800,51800.0
44428403,34570.0
44118003,35930.0
49289201,38840.0
45666003,60370.0
44387402,45930.0
44451200,57850.0
46364600,57730.0
49859602,63010.0
41599802,42350.0
45298403,41650.0
45862200,32110.0
48155402,35320.0
44002002,20760.0
49489601,41640.0
47488201,54100.0
41086400,32050.0
42778000,79650.0
44032800,53000.0
42665803,28780.0
44151003,26630.0
48032602,33440.0
45456201,51710.0
40854603,44340.0
45686603,23680.0
41114003,108350.0
48047400,50550.0
42967200,45290.0
42307600,26510.0
46638800,54260.0
49529202,53210.0
46047401,99770.0
43668400,37600.0
42751003,112360.0
43027802,24180.0
47694402,36680.0
49683000,62410.0
45624801,29490.0
48234802,42120.0
44581202,38770.0
44632403,56130.0
41761402,72410.0
42645602,31170.0
42139403,91920.0
47809400,67920.0
49166002,62240.0
45502003,27980.0
45541003,57460.0
43180603,54900.0
47457000,93050.0
48650000,46130.0
43366803,44410.0
41897802,15710.0
42237203,38550.0
41338802,24100.0
43742403,34170.0
49732001,37970.0
42894002,27950.0
41624000,30120.0
42797403,62900.0
46371201,45240.0
47227601,23600.0
41984403,40250.0
45069601,32500.0
46166001,47680.0
44382003,32330.0
45100001,46270.0
42122200,71810.0
47134800,77750.0
43796600,34060.0
41979602,18620.0
45669802,44280.0
46474801,99450.0
44849800,50510.0
47021801,36340.0
45207800,53880.0
44950003,36280.0
46935600,33570.0
45439603,20050.0
41702400,29050.0
48029001,55110.0
46945001,34470.0
48616602,83800.0
46189801,81510.0
43558802,36370.0
44725800,49550.0
46633000,49600.0
44454200,50610.0
41045403,80970.0
45423401,34880.0
44107203,59620.0
43124202,38730.0
43627803,56170.0
42616603,21630.0
47923001,44430.0
49302801,47820.0
48277801,26500.0
45317000,58760.0
47167201,29390.0
46333802,95020.0
41849000,21930.0
45199003,37170.0
47347600,24340.0
47869600,43610.0
42538403,53230.0
42337800,32900.0
44988202,40220.0
49336001,38480.0
46003002,50750.0
43848000,48360.0
49907200,61780.0
42223003,36110.0
41303003,18520.0
47291400,32180.0
43935002,112630.0
43882003,25130.0
45915800,62290.0
41726200,38860.0
43002200,42070.0
41237803,26850.0
48938601,23220.0
43167202,42420.0
44102001,76590.0
45774002,47170.0
42634203,84970.0
43797800,35430.0
45697601,29310.0
44556403,33230.0
46707601,51640.0
45259602,57270.0
42338603,50290.0
48546602,30080.0
43377002,68560.0
45384001,38140.0
43234002,42460.0
42969400,46910.0
41119802,38810.0
47232602,89910.0
43815602,47120.0
48071801,36680.0
44303002,43770.0
43364603,34900.0
48634801,55200.0
48898402,30660.0
41255003,22000.0
49355601,53320.0
43757600,39830.0
43570802,80630.0
41377002,32490.0
41571203,50980.0
46665802,47160.0
46955601,44080.0
47873200,47520.0
42752002,24570.0
45309800,36640.0
47872402,27540.0
48097801,34740.0
41129603,31790.0
47776801,84240.0
43133600,35690.0
43306002,52420.0
49005001,78800.0
44438603,40010.0
43767200,34350.0
45711603,42010.0
43914201,53060.0
41307403,17230.0
42963203,43430.0
47371001,46400.0
43950603,44550.0
43868002,25920.0
46090601,60650.0
47713001,47310.0
49064001,43010.0
47629800,46000.0
44254803,45690.0
47700800,53900.0
41051600,58510.0
45170401,30160.0
43815603,108010.0
45489800,33720.0
42759203,66550.0
44681400,61830.0
47847202,47660.0
44020603,21650.0
43588800,25540.0
48858000,43690.0
48521000,87050.0
45483201,39160.0
42566602,46510.0
44942600,45170.0
41389803,25110.0
48888402,40890.0
43387803,40500.0
41702800,57510.0
49288800,106020.0
44353400,90770.0
46670400,55330.0
43262003,40400.0
45459801,30310.0
41649602,35160.0
42861602,23230.0
44201402,34290.0
44976202,38310.0
44583802,29640.0
41526602,31870.0
45674202,40620.0
47844601,33370.0
48283602,37810.0
41582003,26990.0
43552200,84740.0
46297600,24450.0
47128000,75200.0
44404801,34460.0
44532602,95010.0
41950403,84420.0
46937401,30500.0
47243201,38630.0
44689201,34620.0
45191400,27990.0
43788600,34250.0
44050200,30340.0
41364802,51390.0
48650400,38770.0
49700601,39560.0
45449802,24910.0
49700802,63500.0
45103601,43400.0
41890402,14880.0
48916200,61980.0
46717202,62710.0
41830402,16130.0
43544800,32200.0
41571400,41960.0
47788601,28900.0
46588802,37970.0
42732203,25930.0
45951000,23170.0
49759001,29210.0
46342601,56210.0
44016003,47050.0
45074403,73260.0
45721000,52650.0
43059200,39510.0
49245600,49850.0
49622600,49640.0
41013800,42510.0
44488200,49230.0
40916002,61240.0
43552003,47200.0
46175401,93620.0
45523800,58680.0
41230803,33100.0
47788402,93060.0
43028602,56410.0
41934800,68620.0
43728400,29210.0
45750602,50780.0
43189002,50060.0
44257003,35650.0
44873800,42970.0
47792402,42930.0
42081200,35410.0
45610201,27000.0
48613201,22330.0
41902200,78370.0
45898402,29040.0
47678201,48470.0
45386001,74360.0
47315202,37140.0
47793802,35590.0
44787201,34790.0
46001000,25210.0
44891403,51540.0
49242000,27340.0
45491601,57130.0
44536402,31470.0
46192800,27920.0
46076600,36290.0
47478201,50850.0
47003200,78510.0
45525803,25910.0
47914201,55690.0
46444602,41670.0
41370803,31720.0
41612203,53630.0
47256201,28810.0
42946400,101550.0
42543403,75180.0
46947801,51730.0
43723600,48240.0
47730400,66720.0
41942203,50910.0
46043601,61320.0
47740802,25530.0
44281601,44560.0
46436401,39590.0
44333603,77780.0
43881601,30410.0
44437403,38110.0
46146801,27960.0
46118402,35370.0
45227601,73550.0
44765002,72360.0
44985002,82870.0
43755402,50420.0
46351002,69930.0
41719003,48740.0
44843401,109020.0
42984403,45830.0
41338803,24100.0
48631401,46860.0
45850202,50260.0
48233000,43600.0
47281601,30510.0
42857800,34020.0
44821802,68310.0
49568602,22970.0
47692801,36630.0
40970003,44400.0
44529403,67970.0
46328402,36200.0
48830801,70050.0
47030002,67580.0
43531200,62270.0
48441002,35490.0
45051402,35600.0
47214002,29850.0
46721401,58330.0
47590601,49810.0
49110201,56210.0
45191600,37070.0
42311003,72190.0
48410402,30510.0
49721602,32810.0
44830402,62040.0
44511203,82540.0
43474203,29660.0
46708802,30150.0
43565802,92980.0
46639600,33120.0
43086600,35490.0
44237002,30850.0
43899603,49870.0
42313200,101020.0
44390002,35910.0
41947203,26540.0
45537001,85560.0
47986800,58240.0
42151602,32940.0
47461602,85720.0
43629000,29310.0
41864803,18380.0
40994802,26950.0
46185200,45020.0
46018401,50120.0
46275002,50420.0
49356200,61900.0
47171800,43620.0
44173403,31230.0
45589201,91800.0
47746802,41970.0
48318000,30120.0
47193402,33380.0
40905203,72090.0
42847000,22310.0
48523002,27070.0
44984202,35050.0
48870002,46920.0
49859600,63020.0
48954401,27840.0
49841602,33790.0
48303000,34980.0
47551402,34130.0
48864002,47140.0
42895800,59640.0
41508600,65150.0
42904003,44470.0
49292402,37310.0
46595601,34800.0
42601602,74700.0
46535400,35390.0
46482800,60680.0
43689203,25480.0
47840801,26030.0
41443003,41390.0
44611202,43720.0
46081202,37160.0
47336001,55330.0
46434401,32260.0
46090602,40520.0
44596602,28530.0
49026402,26430.0
44895000,51650.0
42863600,30210.0
45139601,117190.0
41644200,25120.0
49632800,35640.0
45147801,31350.0
43666203,22650.0
41678602,43090.0
41959203,23790.0
45332800,32880.0
41957400,47100.0
45274203,35680.0
48591800,69160.0
47995400,66830.0
45730000,51260.0
46776600,24940.0
47477400,88070.0
44062202,24720.0
44205201,40000.0
47105600,53590.0
45932201,27130.0
48486002,96540.0
45792602,71020.0
49428601,32240.0
43334802,40320.0
44739800,57840.0
44305803,28190.0
49148602,39190.0
44257401,54060.0
47331601,46970.0
44221001,55450.0
43580403,35440.0
42567203,30200.0
46673802,79370.0
43669003,23800.0
41640403,34640.0
40858003,51070.0
40833200,64170.0
49350600,86090.0
45076203,66930.0
47147801,42360.0
47269800,34610.0
45713602,109470.0
44483400,62860.0
44973003,46890.0
44335802,29360.0
46049200,84780.0
48743402,27470.0
41911002,58280.0
42655203,36800.0
41698802,22330.0
41179602,65100.0
49112002,29540.0
40889600,57250.0
41941403,23380.0
49778401,40690.0
46563400,39790.0
41305600,21000.0
40809203,36450.0
42953800,40870.0
45062203,27700.0
42170400,25680.0
47695002,26260.0
45263201,36430.0
41316600,19070.0
45152000,50370.0
41930203,31530.0
44453201,62190.0
46457000,30280.0
41211603,24300.0
44117801,25830.0
42193603,82280.0
47616800,38010.0
46831201,51800.0
44229000,44830.0
46952000,79860.0
49832002,31170.0
43374000,49010.0
47271402,49050.0
47287201,38120.0
44194200,40070.0
49352202,105530.0
49658200,70830.0
49874001,61310.0
47261401,52860.0
49247800,94410.0
44717802,28080.0
41318600,19070.0
47622401,30290.0
43886402,52760.0
44601200,51260.0
45967202,36270.0
42305200,49200.0
43624002,49250.0
46696800,31300.0
46710001,31200.0
48808601,65030.0
43168002,32620.0
49572801,71530.0
47478200,46690.0
44228801,32160.0
47710002,37110.0
41161803,31980.0
47392202,74090.0
45660801,34200.0
43410802,31950.0
47747402,40270.0
43953800,33140.0
45316802,80470.0
43797203,25880.0
46217800,66580.0
42874802,56110.0
48138402,59580.0
48860401,21410.0
46579401,42410.0
41167600,41720.0
41496000,32760.0
48382201,40360.0
49719802,53240.0
42477000,46360.0
49001801,31330.0
45316203,45100.0
47329402,33580.0
48974202,30230.0
45214803,47550.0
42281000,29620.0
48551600,27980.0
44301403,78000.0
46961601,73580.0
43102600,64180.0
46842001,50060.0
44246601,48090.0
48975202,40320.0
43576203,96610.0
46116801,47630.0
41986202,18040.0
43969601,30970.0
45833600,34560.0
42243800,27090.0
47493201,42960.0
41136600,51290.0
49303000,26250.0
47860000,61220.0
45524401,75730.0
44205202,39620.0
43200200,45090.0
45107803,58060.0
46616200,31560.0
46271400,66830.0
43276602,45480.0
47080401,38250.0
43996600,81430.0
47629200,49820.0
44713800,27250.0
47541202,64960.0
46689000,41790.0
48528001,52480.0
49703000,75430.0
47320201,28040.0
44661002,43740.0
42260803,32560.0
44285400,35790.0
45552200,42470.0
48113601,30990.0
46440000,44840.0
47391402,38990.0
48909602,29600.0
46614201,44570.0
41613400,53450.0
47195801,43820.0
43419802,39380.0
45366801,56970.0
45837402,26600.0
42093603,77000.0
46844000,37490.0
46930201,47020.0
41232203,26960.0
45665403,65630.0
46121200,78340.0
44134000,37520.0
41752002,48860.0
45566800,36410.0
47679000,59300.0
42837603,26080.0
42651002,33980.0
42377003,53640.0
47124002,29090.0
44209800,31360.0
42435800,46770.0
42442003,48650.0
47643400,24840.0
41139802,26190.0
47152602,27690.0
45818801,53240.0
48385201,53520.0
42436200,36030.0
41630400,26770.0
44412600,73410.0
47808402,23780.0
42945400,38440.0
49036000,23670.0
44446003,33490.0
42147800,70630.0
42920202,34640.0
47335402,28370.0
49340202,50750.0
48141400,88500.0
48386402,52640.0
47733200,32330.0
41111800,54100.0
46712601,28370.0
41283200,17980.0
40965203,83510.0
45592603,35860.0
44472400,48230.0
42460202,87240.0
45503403,113110.0
41027402,54380.0
47870802,98760.0
44911601,36670.0
47802601,38680.0
44827403,27750.0
41106400,42390.0
46358201,35990.0
46331600,45290.0
48587601,76440.0
43900401,43040.0
49454001,45240.0
44308400,26400.0
44570600,52850.0
44588400,128600.0
44703603,27770.0
41782002,19990.0
41183600,41930.0
45092002,30360.0
44719002,48240.0
44488402,34760.0
42072403,51740.0
49540000,44280.0
42441202,52800.0
49462601,25520.0
49858400,50210.0
45056601,60870.0
46759801,21710.0
44020002,40860.0
47514000,29580.0
47716800,26090.0
47793600,75040.0
49196002,109430.0
48163601,30050.0
44198800,71430.0
43641802,28950.0
44423401,28480.0
45500401,63730.0
41882603,29920.0
47376602,48740.0
49751201,41970.0
46073802,47190.0
41781002,18670.0
43566603,23110.0
42821802,26300.0
43334403,81740.0
47553802,55300.0
48860001,32320.0
49911800,59950.0
44745202,52640.0
43216400,26020.0
49418601,55800.0
47226402,42810.0
43339202,121770.0
49119400,32230.0
48490801,29470.0
46703401,37800.0
45538202,33140.0
43219603,51850.0
47900400,41190.0
44576203,30500.0
41085403,75990.0
41727600,50700.0
40857000,101760.0
47685201,32410.0
48969402,40190.0
42030402,44420.0
43398003,56610.0
48313002,67800.0
41521202,57070.0
45926001,43190.0
48880002,41830.0
45114402,43720.0
44981401,35110.0
41240003,32000.0
48209401,34780.0
43982002,40120.0
48804202,33130.0
42172603,34590.0
45345002,70700.0
45974600,30780.0
44736800,81690.0
43921402,40650.0
45767601,39090.0
45187603,26540.0
45779400,43590.0
48975401,72100.0
47030400,40450.0
40996203,53520.0
45509001,36490.0
41321802,20420.0
41463402,30480.0
44623800,28510.0
47985201,72020.0
46521401,36950.0
42002002,58790.0
46931002,35750.0
43740400,49900.0
47831600,64910.0
41494003,37620.0
49020200,31730.0
43698000,44630.0
40886000,32070.0
45184202,24410.0
48805000,55600.0
46484001,43770.0
45480400,73370.0
45935801,44630.0
42292402,89170.0
48432002,69850.0
44572400,137090.0
49461001,47310.0
47753400,46240.0
41243200,24330.0
44984601,33710.0
41730002,39380.0
42838400,23820.0
44404803,93110.0
47843600,52680.0
49284601,42690.0
45128400,31880.0
47600202,58500.0
42367603,39530.0
45907200,70730.0
41683003,30500.0
44481003,42890.0
42979202,43840.0
44721001,37450.0
47711202,28400.0
45399002,78770.0
44043600,25580.0
43432403,32170.0
41206003,50850.0
47870402,57990.0
42034402,60170.0
48096200,87770.0
43862802,38450.0
45846003,84760.0
48809202,23090.0
48337001,45610.0
41009403,36040.0
42204600,28280.0
44832400,81040.0
49659802,23720.0
42538803,36870.0
43812403,25320.0
44566603,18590.0
45233603,52280.0
42051202,61790.0
47520001,63560.0
41992402,24610.0
41769802,52780.0
41105402,72680.0
42077800,23400.0
48454002,36530.0
49665601,31410.0
49094002,55860.0
45745801,42490.0
44302800,23310.0
43520000,31970.0
47577602,25660.0
46127800,26160.0
47981602,24950.0
41822200,33270.0
49411400,38050.0
48519201,26870.0
47758402,46550.0
46702200,24830.0
44927801,118070.0
42080403,79630.0
43053603,44910.0
46712401,59310.0
48362600,38100.0
43181002,38240.0
43500402,58590.0
44300801,29100.0
42263603,92190.0
41225002,34860.0
42810802,42290.0
49837602,48690.0
48763802,65090.0
45649403,36780.0
41287002,26800.0
44922000,88440.0
44901800,26720.0
47845001,49400.0
47014402,48570.0
45662003,27510.0
46266601,68170.0
43468803,34110.0
46529601,77680.0
45092602,41450.0
40915803,20720.0
42447402,26880.0
49776002,29520.0
46480401,75410.0
45364402,83020.0
46071602,38470.0
44267800,36950.0
41239602,17180.0
46337600,46870.0
47834600,25020.0
48584802,54590.0
47951200,44040.0
40875400,29150.0
49528400,26760.0
41995403,27240.0
45926600,27580.0
43138602,43010.0
44561000,30610.0
45440400,43450.0
41717200,69900.0
43371403,50180.0
44248803,34600.0
41200603,47110.0
44984600,46860.0
47183200,40140.0
46987601,50940.0
42740000,35500.0
48562800,50670.0
41766202,26740.0
42362200,80470.0
40854202,103810.0
48156001,62780.0
47383802,32840.0
42301802,30650.0
46828202,44850.0
47323602,37430.0
49711202,43790.0
44607400,83810.0
48124000,30510.0
48991602,27840.0
45458201,43010.0
45553803,26910.0
46056801,80220.0
41266003,24210.0
45925600,35420.0
41759802,90350.0
41660400,25000.0
48553401,52120.0
42149802,44290.0
45217802,52890.0
44749600,88820.0
41114800,67190.0
44184801,51570.0
47254401,43700.0
42234000,49860.0
41570800,65130.0
45537203,37230.0
45219003,44860.0
44867000,67760.0
45563602,68720.0
48219600,57040.0
46204001,34790.0
47813400,48210.0
41830202,35330.0
46488402,47490.0
40862800,52060.0
41827403,17300.0
45350601,36670.0
45822603,45040.0
49344600,32710.0
43640800,49350.0
42489403,82820.0
48392801,42190.0
46312002,42250.0
44239600,56860.0
45857801,36790.0
43612400,22770.0
48962802,64840.0
41219803,33000.0
41893802,38990.0
45416202,80680.0
48076801,53450.0
44166200,50150.0
41187403,44480.0
42453203,42070.0
44330200,57130.0
42798003,26870.0
41195603,53570.0
44926202,51880.0
44564400,36260.0
49228001,47290.0
47054002,35840.0
44643000,42950.0
41590402,43780.0
44733602,109460.0
48121400,57760.0
46524402,57100.0
46155401,110470.0
43796803,72170.0
44617400,23380.0
47424802,39380.0
41635600,21710.0
41100602,27130.0
43775602,29370.0
47778200,28290.0
46926201,39320.0
46578001,25050.0
45428801,58350.0
41075803,50790.0
41496600,60760.0
40893803,52470.0
41554603,66170.0
42114002,62060.0
42473403,31010.0
41664802,23870.0
46354800,41020.0
43269002,41110.0
48760201,29080.0
47982602,45270.0
47237002,64830.0
46237002,73440.0
46568002,47760.0
45047802,109580.0
42985402,68590.0
44746200,50590.0
49720001,32830.0
48229200,48130.0
45134002,47610.0
41723600,85690.0
47014000,54600.0
48006402,31940.0
46170600,50130.0
41985400,16320.0
43602003,40950.0
49745600,69360.0
42527200,67430.0
44467203,49470.0
46750801,37930.0
44037202,44950.0
49314600,37030.0
43225003,43080.0
45068601,45020.0
44446001,34190.0
44903403,59650.0
43600002,44510.0
42292202,32900.0
44378403,61610.0
47526000,49070.0
42488400,54320.0
49736202,109420.0
44547203,71880.0
42346803,49440.0
44732203,30640.0
42276003,33350.0
45365202,63120.0
45767002,58830.0
44313803,44880.0
45143401,79060.0
47297001,50850.0
41013202,86240.0
48592600,73150.0
45884800,43470.0
45533003,43930.0
49333402,27330.0
48498200,14280.0
44452600,50100.0
47223400,102010.0
43974402,44610.0
43023600,36170.0
44490200,34880.0
44636603,45090.0
48774600,60740.0
41370200,29850.0
48871801,39250.0
42982603,132220.0
42261600,24410.0
47882000,43210.0
43864202,53340.0
47178001,18300.0
46458800,48820.0
40946602,63570.0
47226801,44790.0
45634202,79080.0
41442600,108450.0
46633401,61870.0
45604203,41720.0
45509602,94060.0
41923202,38110.0
46911402,47910.0
48619201,49640.0
43730000,22370.0
49882601,29630.0
48676602,61530.0
47347402,41030.0
46088401,25020.0
46739000,81450.0
49534202,53420.0
47457201,32740.0
41434200,113090.0
46762001,49040.0
44482402,126700.0
42666800,27090.0
47741200,25750.0
49728200,40520.0
43020800,58230.0
43685402,24580.0
46781402,35140.0
45477801,54360.0
45756003,44640.0
43036402,45880.0
45236803,78620.0
49522202,38990.0
47337002,72860.0
43498202,30180.0
44456202,70330.0
44439600,66910.0
43492400,30700.0
48611802,28140.0
49587602,37340.0
45410203,32800.0
45242401,121800.0
43082000,27510.0
45618602,59060.0
46068001,45000.0
42268402,47220.0
41883000,51610.0
48739001,45970.0
48738400,40700.0
41813203,27840.0
44690003,88480.0
45167203,25450.0
45139003,31890.0
49737400,42950.0
41501802,37750.0
46983000,33710.0
41138803,38960.0
48051002,32860.0
41099603,25850.0
48999602,33600.0
49750201,41030.0
47722401,46700.0
41227400,30940.0
44641203,50480.0
46345402,66550.0
42701203,61530.0
42922202,36050.0
45271403,57630.0
41355800,19780.0
44112201,49230.0
44693200,74150.0
47197601,54430.0
43755403,60280.0
41149802,30440.0
42057603,48890.0
47097801,94260.0
42214603,95520.0
48869401,53360.0
48831001,72970.0
41780603,34750.0
43801600,38620.0
45316803,65050.0
43990601,31710.0
42259800,54020.0
41802800,32460.0
42175002,49230.0
48482002,39900.0
43314402,21360.0
42030002,28190.0
47764002,27270.0
44276200,49390.0
45468402,102620.0
44898200,47420.0
45360402,42740.0
43286000,49980.0
46435000,53410.0
47444200,47760.0
46694201,34410.0
42967803,36640.0
46437600,47840.0
45615201,30720.0
47656000,28270.0
47674001,67530.0
41195003,50130.0
49666600,46070.0
45329801,48670.0
47201600,45770.0
47480801,40520.0
46020601,61850.0
45244602,34290.0
49704801,93750.0
43124002,53860.0
41201600,58670.0
44953201,39240.0
48280800,87200.0
46055201,36390.0
47310601,27440.0
47911001,42460.0
42994802,36940.0
41765002,28520.0
40814803,51510.0
48805602,25550.0
48723601,81550.0
45939200,85420.0
42952200,53130.0
44220203,64090.0
44287600,31030.0
41775202,90870.0
47597002,66720.0
45697402,46170.0
48911801,30470.0
41084403,37030.0
44453001,42720.0
47200600,98960.0
44294203,119700.0
47220800,43480.0
44181201,53580.0
48437000,35760.0
45397000,63450.0
48279200,34220.0
43315203,54830.0
45371400,50090.0
45835402,60360.0
42887400,28770.0
41540203,57320.0
46710801,48390.0
47398601,46600.0
49679402,45880.0
45710202,78180.0
43948800,46150.0
41768000,40390.0
41937602,35330.0
48634600,28570.0
45074803,48190.0
46581202,60600.0
44972201,88590.0
42394800,38200.0
44751203,57620.0
48856001,42360.0
48775802,23720.0
47826200,49500.0
46907400,47650.0
41328200,28550.0
42121202,41710.0
41036400,27740.0
44344000,27640.0
47688402,32030.0
49860801,102610.0
46511200,27200.0
47461201,26480.0
41226603,17510.0
47296401,55200.0
49028402,65910.0
47356602,29960.0
47044802,66030.0
47119602,37520.0
46902000,27070.0
47544800,51070.0
47312802,49370.0
46682802,80800.0
49552000,52170.0
44790401,34690.0
46323400,40370.0
47329601,25940.0
44451601,23910.0
49416200,26530.0
48797800,46390.0
43833602,67910.0
47844000,45270.0
48512602,48480.0
47878200,46690.0
48243400,29750.0
46440801,35740.0
43939600,41990.0
48861001,52850.0
46702001,36670.0
41012800,41300.0
42930602,50840.0
46895002,46550.0
49816002,29940.0
45374203,32030.0
47200801,32240.0
48748201,27350.0
45067802,76400.0
44826603,77140.0
41178803,41030.0
41253602,16810.0
43127600,103940.0
47251601,50380.0
47710800,96350.0
48288402,92220.0
47073802,31690.0
43002402,38490.0
43874401,39960.0
49945601,35500.0
41939600,29790.0
48861601,27410.0
45344200,43550.0
47316002,32060.0
43549200,24360.0
47218002,64050.0
44207800,37180.0
43636000,39320.0
46329001,26790.0
40952800,36270.0
49446800,67200.0
47478800,56560.0
42180003,37360.0
44044002,30790.0
49109200,68680.0
48759601,41500.0
43954203,57220.0
43618000,26580.0
43799600,41840.0
42424800,32240.0
46772602,59570.0
49139002,91700.0
45270403,39210.0
41302002,30020.0
45225603,63410.0
41023600,45540.0
47682400,54010.0
42576803,42500.0
45591602,63400.0
44852403,69340.0
44520801,72740.0
46005802,63820.0
48051001,23070.0
47670601,106610.0
49833002,113510.0
41348203,16630.0
45083003,56560.0
43772800,37680.0
42828202,88080.0
44948201,51260.0
48519601,46850.0
46749401,34700.0
41219200,29690.0
49110602,41340.0
45755600,63790.0
41493002,61180.0
42481600,71560.0
48204000,86030.0
41032002,85570.0
48996201,24420.0
41098003,65580.0
48320000,39580.0
46329000,31060.0
44218602,28010.0
49404202,35730.0
47627801,37320.0
49191600,60260.0
44942003,102850.0
44035002,104980.0
48053402,25840.0
41137203,32330.0
48383400,45400.0
49877801,82430.0
44431000,84850.0
44739601,43210.0
45036800,63330.0
43283802,59270.0
46823401,43600.0
44156200,26380.0
44122401,84210.0
49277600,55780.0
41451402,45860.0
48731002,22370.0
44993603,39440.0
49147600,26950.0
43815002,36600.0
41861802,23000.0
43568003,41710.0
46130600,79120.0
46973201,52830.0
42441000,31800.0
41160403,55480.0
49686000,57460.0
45654201,51660.0
45029403,42850.0
45781201,89340.0
49832402,39080.0
43210403,22530.0
47716400,35660.0
46846002,29900.0
40818803,56820.0
44297603,41210.0
46660402,40950.0
46696802,95150.0
41474803,28060.0
41135202,38600.0
49739200,62600.0
46587602,56700.0
43226403,27570.0
40812600,39660.0
42441800,45950.0
44505803,88210.0
47926402,93400.0
42149203,58310.0
44510002,42370.0
44637602,35080.0
47449201,50470.0
45118803,107270.0
46855600,37620.0
46088600,61300.0
42861203,24650.0
47820602,24190.0
47869602,27140.0
41925203,105930.0
47694001,39760.0
42849802,40090.0
48379601,50520.0
48402800,44310.0
48067800,28730.0
45260601,48860.0
44345200,28590.0
42930402,81090.0
44819202,43160.0
44178202,22880.0
49387801,32290.0
44659400,30310.0
42190203,73010.0
45050802,72900.0
48577800,65450.0
46959000,128990.0
43122000,73950.0
42136200,52330.0
49795602,36840.0
43617602,64930.0
41128403,59780.0
45848603,48080.0
41554400,36480.0
48843200,32990.0
42554003,33570.0
43296003,42220.0
42491002,43060.0
42165600,53840.0
42198403,53690.0
44387001,41730.0
42795003,39000.0
45640800,67760.0
49222001,39460.0
49764201,54730.0
45311403,91440.0
44946802,58700.0
44342801,34960.0
45969600,64660.0
47935400,31660.0
42912803,70060.0
47538402,30070.0
42520603,50490.0
49078001,29780.0
49193202,96090.0
42269200,48950.0
41914602,31570.0
42492202,55230.0
49716800,24590.0
46196400,28500.0
46122400,76670.0
43638000,73900.0
41655400,28310.0
46554801,55330.0
42668003,26840.0
42904602,49100.0
45302403,73290.0
43323800,27750.0
48398602,62130.0
41483203,46120.0
41577802,20690.0
45402203,55750.0
44854601,70590.0
49855400,21880.0
46365401,21620.0
41689002,47070.0
40832800,82280.0
48405800,26590.0
46015800,42560.0
41384602,30310.0
45804002,33530.0
47574402,37880.0
49072802,30950.0
40991402,29180.0
42649600,40620.0
44527002,58220.0
49271202,47430.0
43061200,114540.0
42300000,72170.0
49688401,43790.0
41100000,80830.0
43876400,42030.0
43338000,35620.0
47122400,39220.0
41573002,38380.0
44551800,32670.0
48731401,28660.0
41103400,78970.0
43117400,39140.0
46967201,56400.0
49853400,44080.0
44359401,53130.0
49052801,35180.0
46459000,63150.0
41992603,64070.0
46536201,76940.0
48834802,32550.0
45136402,49600.0
45834401,35940.0
43462402,38790.0
41763600,60610.0
49722800,59860.0
48814200,62070.0
49613802,70200.0
41072603,43590.0
44222200,56130.0
47951802,68900.0
47064602,57860.0
46754200,80700.0
45691602,71510.0
45714800,27740.0
45648803,94000.0
44528600,38150.0
41646000,36260.0
44569401,65430.0
48242001,46210.0
41159803,40310.0
42872003,42270.0
43238802,45070.0
43741802,43060.0
44583401,26290.0
48436602,56560.0
49565801,47880.0
47657602,71350.0
48161800,67130.0
44307402,35060.0
48962201,31120.0
48052802,56600.0
45943401,46710.0
43115402,80160.0
47950001,39020.0
45494202,53680.0
48398600,61620.0
46603601,81190.0
40973800,28640.0
41552000,69730.0
42673803,44200.0
43586203,35000.0
41132002,68180.0
45424601,41300.0
46718802,35630.0
46916200,62460.0
41945400,23720.0
43887802,88020.0
42432400,30220.0
42519802,32700.0
46433201,62750.0
45407802,59150.0
41828000,17150.0
49699602,43310.0
45627202,54630.0
48492200,77000.0
40885000,37450.0
47090600,38780.0
48783001,51970.0
43229602,36970.0
46007801,46150.0
41261403,28290.0
47532200,34180.0
48109402,37080.0
48146600,30070.0
40911602,27920.0
45505600,62780.0
42515000,47870.0
42870800,46780.0
42836002,26280.0
44497001,24330.0
46208801,58790.0
47892400,40010.0
44795003,28520.0
47791601,25820.0
45668603,36480.0
48473400,43600.0
49252600,136240.0
48074602,24820.0
44901600,45930.0
49062802,76360.0
47783400,27570.0
41821002,33710.0
48771000,72470.0
45150403,27990.0
42267003,65240.0
45116401,21340.0
48402600,38310.0
42934800,45890.0
44693202,15840.0
46167601,32290.0
42472602,55560.0
46747802,73460.0
44133602,42760.0
49248602,31740.0
49376402,54750.0
45967602,31620.0
49492802,49560.0
45209601,49740.0
44672000,44480.0
45968000,88630.0
43747203,57400.0
42066000,38140.0
42441600,34690.0
42539402,53960.0
41920403,34950.0
42491400,34860.0
41908403,30510.0
44403800,52700.0
46058000,28300.0
48007000,53940.0
43539803,88320.0
42830002,74610.0
41473402,67130.0
44965201,43220.0
46584200,43620.0
43913202,35320.0
48550602,44450.0
47181600,80970.0
48803000,33130.0
41329800,26120.0
42539203,54230.0
48135202,107870.0
48576801,28110.0
45288201,32520.0
41381203,21840.0
49479802,41830.0
45986800,71310.0
42489002,57050.0
41918402,27380.0
41604802,66120.0
46178000,51620.0
44030401,22100.0
41209802,24080.0
45982000,56490.0
48252002,36800.0
47593400,26980.0
41752602,21740.0
44616601,29580.0
44828601,30630.0
49830400,94270.0
44989201,30680.0
41248400,15830.0
44274201,44410.0
49648801,94080.0
44445001,57440.0
47085401,80070.0
43311202,32520.0
42929403,32800.0
46446600,28230.0
41856000,15790.0
49531401,54610.0
42249000,55760.0
44072803,39900.0
45449602,57220.0
49183202,53650.0
47796002,104180.0
48010002,29940.0
49297801,85620.0
49803002,38900.0
45632600,79980.0
47208000,33820.0
46912800,30100.0
47583000,44200.0
43746403,39310.0
49408001,92540.0
47648201,30440.0
48340200,31800.0
42760200,33030.0
45206800,43730.0
49802601,31790.0
45769601,32910.0
43476802,37190.0
44059801,49150.0
43476800,81250.0
45194801,89840.0
46167401,30650.0
48058800,36170.0
49784602,98280.0
47820802,24800.0
47851801,33990.0
40959800,31720.0
49811800,68550.0
44243003,41570.0
41936203,31480.0
42633803,20980.0
41327000,27150.0
42451800,63620.0
42007003,36710.0
41129203,47800.0
48755401,27520.0
45803801,39800.0
45235801,52310.0
44624800,55560.0
42168400,33520.0
45820803,26970.0
48689600,58460.0
46905000,28460.0
42672800,34350.0
46805802,31160.0
47104401,21520.0
43140402,31940.0
47731600,64340.0
47315802,44540.0
46772201,26950.0
42684203,62500.0
43932002,57770.0
44753200,50550.0
48110001,55310.0
47755200,33930.0
49116001,33750.0
45331201,30840.0
48570200,110510.0
43407603,32850.0
42279803,39780.0
45964601,29260.0
45082002,34590.0
41199000,61120.0
49171002,29620.0
41254800,21650.0
44990202,89660.0
47793400,40950.0
44889402,42020.0
45173602,42700.0
45801600,39310.0
43553602,46050.0
43327802,75610.0
43355200,48350.0
43014402,32160.0
49978800,74350.0
47120001,74480.0
46146601,27550.0
47366001,76850.0
42553200,27930.0
49704200,23760.0
49427200,34960.0
44001203,42610.0
48603800,130940.0
43044400,70220.0
48256201,37730.0
46061000,28150.0
41225603,19300.0
48393000,77540.0
49617200,31360.0
42469000,28920.0
43660403,53590.0
46230601,48630.0
47259001,20260.0
44513402,35170.0
42652803,36790.0
46728602,68870.0
45432802,36910.0
42479603,44940.0
41257002,22080.0
42017602,47770.0
46041202,31100.0
41720603,24860.0
44541200,37080.0
41617602,63500.0
42063400,27570.0
41032402,96420.0
44742400,14200.0
49495601,40930.0
48083201,110770.0
48041801,86650.0
46159401,60310.0
48046202,22070.0
47729800,74140.0
43722600,27020.0
41829802,29200.0
43028802,49180.0
46342602,27710.0
49560602,19510.0
42757803,29080.0
42941803,91680.0
47019001,49900.0
47635002,32690.0
45575000,65730.0
41237400,21420.0
41262803,17420.0
49181000,44830.0
45448601,30870.0
48847002,41550.0
45495403,37530.0
48845800,35170.0
41829402,17900.0
49319000,68340.0
43204200,45180.0
44598200,44680.0
46156602,53640.0
49072002,52630.0
45419603,84400.0
47724802,25260.0
41829602,55240.0
46646201,53010.0
46312400,48850.0
49777600,33260.0
44908201,82050.0
49242202,107890.0
45321802,38900.0
44938400,55670.0
41895003,33710.0
47237800,36360.0
42131000,28840.0
49934800,29710.0
48260602,86160.0
42130002,51070.0
48677602,44920.0
47966201,43780.0
43502603,30040.0
42840803,16210.0
47524600,70610.0
41918403,29140.0
44419602,28530.0
43760403,56470.0
40934002,84870.0
44788403,145130.0
47048202,27600.0
42749402,40210.0
42494200,90310.0
41306002,19560.0
45883401,86290.0
45827001,28260.0
46335201,108750.0
45086001,100390.0
45056803,73660.0
44917800,90310.0
44353600,94750.0
46298200,59250.0
43191203,30250.0
44046201,73290.0
47068402,35320.0
47504000,22730.0
43050003,94490.0
48686802,64440.0
42112002,52310.0
44074602,92940.0
49254800,61390.0
41126600,27440.0
43736602,61670.0
45772000,74900.0
44747203,35770.0
43038202,42890.0
46135002,26020.0
49244601,29450.0
49839002,87060.0
44297003,38460.0
43302403,52990.0
43740603,60470.0
43039800,29600.0
42711602,26010.0
47444600,25810.0
46776401,52310.0
48533402,44050.0
48371800,60920.0
48832200,39370.0
43373000,25770.0
44541802,37400.0
49925402,69960.0
44763801,23520.0
42739602,82330.0
46782001,67950.0
47908601,77940.0
46039201,27640.0
45138803,32670.0
45118802,107270.0
47018802,88340.0
45865000,31940.0
43855402,65250.0
48870800,31940.0
47327600,75220.0
47204402,29290.0
48288400,48710.0
46955602,73890.0
44628202,43720.0
43847400,39110.0
41951203,17690.0
45559202,37660.0
45287202,27610.0
44617600,53130.0
48491001,34630.0
46374600,70020.0
42144802,45510.0
47632200,57630.0
45826600,34740.0
44082401,33820.0
44038803,30080.0
41855603,23020.0
46244801,59360.0
44377001,25570.0
49504402,61440.0
44081600,37560.0
44036402,53110.0
44028403,50780.0
48737600,99150.0
45851802,38950.0
42878600,55030.0
43339000,38800.0
44891203,47610.0
43016803,77810.0
43698203,24170.0
44903002,104450.0
42750000,41080.0
49925401,59190.0
43531802,43490.0
48210001,68880.0
49869000,31560.0
46307602,40920.0
45125603,49070.0
41378803,15820.0
45967201,33180.0
44953401,49180.0
45930400,43770.0
49397000,64640.0
44735603,44130.0
45210800,39780.0
40902400,26580.0
42373202,82090.0
45640202,31780.0
41827802,52330.0
47421402,67790.0
46748400,24090.0
41917602,42380.0
41089200,48640.0
41377800,19540.0
41648203,44900.0
46705602,82210.0
41015402,38370.0
42168200,65620.0
44076801,69740.0
46300201,48940.0
47192002,21410.0
48925602,50860.0
46073600,68570.0
44930602,36760.0
49421001,22050.0
47118400,91620.0
49756600,50610.0
49025802,51960.0
41168200,29390.0
47472401,37790.0
45223400,30780.0
49093602,42350.0
48537400,29410.0
46127601,32760.0
43877802,73480.0
42237200,75310.0
45560601,25800.0
42619600,98590.0
49410200,28780.0
44494403,41640.0
46742200,82320.0
40858203,80150.0
44022600,50770.0
46344002,95500.0
40886403,34240.0
49352601,41390.0
46438200,69420.0
45591000,30030.0
44155800,25950.0
44470201,63310.0
42287203,70400.0
45193400,102270.0
46598000,58030.0
43210402,22550.0
44570403,51870.0
41246000,30590.0
41793003,59150.0
47626802,44510.0
49055802,26050.0
42676803,63640.0
45220201,130560.0
44014401,42130.0
41754203,26790.0
43922602,40060.0
45890000,77840.0
48971402,35290.0
44000400,47640.0
47993600,45270.0
41820402,47670.0
49119200,49270.0
49647202,46600.0
46019602,22900.0
44717801,96190.0
42514800,28380.0
48376000,49780.0
48001802,35880.0
41573603,29210.0
42445803,25680.0
49734601,70590.0
45228602,35790.0
47943001,44790.0
43701002,41460.0
48166002,69310.0
49444001,79130.0
41239203,28220.0
47161200,88910.0
43206202,59980.0
49770600,39040.0
45407803,45680.0
49051601,29100.0
41587600,61550.0
41889803,51900.0
45354803,49420.0
44257202,46450.0
48654201,113400.0
47641600,32270.0
46788402,50660.0
49331201,55940.0
48172602,32800.0
41228202,133450.0
43449402,85650.0
46163602,37820.0
42731002,25700.0
48492800,90600.0
46439200,32670.0
46500602,28440.0
44010203,42930.0
45160000,77650.0
49758202,49960.0
49184201,151450.0
49563201,41940.0
40978200,46330.0
47193400,53100.0
42802603,40910.0
44334201,55990.0
49917001,33800.0
49783201,30420.0
44569602,32560.0
48970001,28900.0
44771000,28380.0
45375602,38320.0
44884003,119400.0
46530202,35090.0
47303802,43620.0
47453800,38860.0
49113801,48730.0
46124400,52740.0
41829803,73740.0
46890201,35690.0
45526603,37110.0
41762200,80190.0
44296600,41100.0
41654202,46650.0
45320200,55880.0
47509201,30500.0
46703402,91760.0
47169401,105140.0
46312602,47310.0
45497803,106000.0
47312002,31460.0
45056800,35830.0
44416601,26040.0
48510400,42850.0
42527202,44590.0
41208000,97970.0
44050002,74860.0
48547000,29900.0
44130001,22020.0
41480003,52030.0
49114002,29610.0
41590203,55430.0
47526202,25150.0
44037801,22450.0
43050000,47720.0
45696201,32460.0
45957400,27490.0
41954400,41100.0
45904802,85440.0
44673201,43480.0
41011600,72180.0
44627001,66450.0
47749201,21440.0
41290603,30560.0
46483201,22730.0
42547802,78520.0
46585000,39590.0
43935003,49670.0
43271003,152840.0
48315200,41220.0
41512002,85890.0
47454201,37840.0
42471600,58420.0
46515800,38450.0
48405201,55970.0
47193201,104850.0
43710003,94420.0
48385001,33510.0
45626801,22930.0
41924402,27500.0
47539200,65000.0
44471800,32060.0
42617003,32550.0
45424202,45490.0
47493202,37090.0
46042000,55230.0
41241200,28140.0
46312402,48790.0
47842802,31110.0
45437401,23180.0
42467600,24210.0
41005802,33120.0
42924203,46490.0
47513600,37750.0
42897602,65170.0
44811400,46760.0
49241600,46850.0
47111400,39720.0
41134400,34380.0
49201201,60820.0
41234402,26680.0
48605600,39350.0
44597600,33270.0
43997403,43330.0
48058400,49540.0
43700602,34590.0
47093802,55660.0
42894602,38780.0
49475401,29250.0
44029400,84030.0
49876002,42060.0
44253600,30980.0
42190800,57250.0
47535201,41720.0
48735600,36020.0
43581002,33880.0
45149800,67440.0
46850602,35170.0
43520600,40910.0
41568802,22370.0
40949202,78170.0
44054801,46100.0
43917403,44290.0
46987201,62750.0
48318602,82560.0
41585800,42930.0
49833802,52350.0
45734803,41540.0
42653602,43250.0
46649802,70650.0
49161400,26950.0
47541001,25250.0
45698001,70200.0
46312802,47010.0
49776201,52990.0
43144000,42040.0
44377003,31690.0
47390600,103660.0
49269202,68910.0
42572003,29150.0
42223000,33020.0
44462000,25660.0
47965202,31630.0
44925001,79880.0
43672602,56180.0
46289001,51240.0
46938400,47520.0
48455000,64060.0
41647800,39180.0
44564803,36750.0
46699002,112280.0
41516802,43550.0
43926002,40320.0
48051801,50960.0
44591800,40990.0
48352202,23340.0
44532401,32400.0
40959203,79530.0
43586800,57690.0
49955001,26250.0
42274602,64620.0
44156600,46580.0
41262802,17420.0
42797003,28290.0
49426001,83230.0
44742802,61470.0
42319002,63270.0
44654802,43140.0
43092800,25820.0
45343603,92010.0
47205401,48760.0
47366801,37370.0
45894402,73550.0
43450603,36450.0
47399401,35520.0
40832203,23870.0
49209802,37280.0
48644202,23150.0
43684200,64640.0
45822801,42270.0
49574401,55710.0
43651200,27570.0
42376202,29790.0
47726801,32820.0
41603802,25480.0
47673202,30720.0
45119602,90370.0
41245400,18070.0
42152000,28630.0
43031402,31820.0
45183203,26880.0
41983000,30350.0
49740400,31260.0
42109602,89040.0
47030000,57870.0
48536600,33610.0
41903600,70860.0
42150002,43150.0
49515802,38060.0
47818600,22250.0
46764002,29940.0
41867003,22260.0
45377001,25130.0
48268201,103590.0
44707002,66740.0
44471003,33060.0
48073202,62020.0
42602803,41080.0
49509202,55890.0
46808201,32670.0
47146401,90900.0
45213600,65990.0
49777400,58690.0
45299601,74770.0
45933402,65310.0
42067002,55900.0
44222002,93040.0
41970800,44090.0
41531400,40870.0
45743801,43520.0
44523200,29930.0
43512002,51490.0
43739600,45230.0
43184802,22920.0
42781000,63170.0
44703800,41480.0
41756000,104900.0
44547603,44360.0
49437602,64890.0
41039203,52260.0
43720600,51420.0
45069401,41890.0
45752201,99270.0
45989201,31550.0
41098200,25840.0
49190601,29810.0
42302400,49450.0
44131603,32850.0
49630200,72300.0
40823002,36790.0
42407400,31950.0
45637402,34880.0
43856002,49660.0
43137202,40090.0
48866800,26670.0
42602603,49610.0
44205800,95140.0
46357001,38990.0
42562000,37740.0
44688401,19070.0
48325800,44100.0
45678403,29250.0
45977800,24800.0
41423600,40630.0
49546802,42450.0
45394001,61040.0
47429000,64560.0
49206402,71400.0
41012600,39180.0
49241001,31790.0
44633002,36200.0
45129001,68710.0
48767601,25410.0
44755603,45210.0
45421203,28590.0
46057402,79900.0
44739001,53990.0
47619001,84350.0
42760402,71350.0
43535002,41840.0
44932401,22250.0
46166801,28800.0
40952803,37990.0
41366202,16080.0
44630600,26790.0
41824003,66820.0
47686800,49570.0
48006801,57340.0
45182402,36070.0
42874202,39400.0
43004202,40920.0
48496800,14900.0
47717600,30390.0
44495801,26920.0
45287200,30670.0
45967000,31190.0
43655002,59700.0
47922802,25300.0
42594200,25860.0
42168402,70530.0
48949601,39950.0
49041401,60190.0
45665202,99360.0
43995201,57790.0
42399002,35190.0
44182000,62690.0
46556800,23930.0
44853802,68700.0
49046001,38220.0
44527200,69000.0
41818203,48620.0
42879602,36150.0
42957803,36800.0
45432200,30780.0
47972200,31320.0
43516803,27880.0
46459401,47140.0
47727400,78400.0
44494803,43790.0
49161600,41810.0
41956600,76420.0
43969603,57940.0
47284602,45480.0
42207602,31840.0
44821202,75780.0
43998201,39520.0
42181400,87510.0
47752200,61790.0
48566002,47670.0
46683001,28240.0
47089001,25200.0
41168603,45900.0
49898001,26840.0
41525202,65270.0
43322000,53920.0
43699203,38470.0
45518400,20840.0
46808401,51700.0
46430001,23720.0
47462002,29340.0
45233802,68160.0
43134600,91750.0
43921000,38710.0
44183000,23770.0
46252402,54450.0
45557801,44470.0
45535203,31400.0
46067400,33710.0
48341202,40980.0
48704600,54810.0
49176802,29220.0
46867002,26700.0
49199800,28090.0
48149602,30580.0
44737202,76590.0
40861600,59550.0
43987601,28650.0
45405202,38610.0
44907400,58650.0
41379602,15540.0
41774602,63950.0
44497000,60860.0
49529200,39490.0
47748600,33210.0
49370400,142370.0
45106000,41240.0
43422203,44620.0
42261403,48600.0
43189200,30910.0
44654601,43140.0
42041202,48430.0
48517601,30420.0
40844800,61760.0
47011600,29790.0
43237200,29610.0
41289400,34610.0
41294802,25710.0
44593402,22120.0
45058600,26190.0
44227401,25230.0
44672200,24260.0
41331600,30090.0
41713200,27750.0
47493000,29720.0
49100600,47580.0
48241802,33040.0
42498202,44010.0
45802400,43410.0
44355600,53290.0
44501603,23020.0
42145400,38070.0
47958400,47210.0
47157002,27590.0
40816600,61500.0
46801601,54160.0
44982601,51220.0
48909801,84690.0
44101201,27630.0
41258003,29920.0
46199801,36410.0
41727400,60140.0
44434801,29360.0
45182802,38800.0
43280603,81400.0
49779402,69820.0
45516003,45730.0
49884402,39130.0
48091400,20860.0
45822403,34520.0
49820600,49750.0
47120802,26960.0
46281600,96870.0
47688400,84990.0
47458602,60840.0
44728201,49140.0
46938002,31390.0
46063002,64900.0
42718602,32000.0
49105600,56670.0
48163202,44980.0
43977003,82090.0
46390201,88830.0
46353601,25420.0
44227602,26130.0
43392402,34290.0
42042203,92770.0
47298400,67230.0
46438802,67360.0
49775402,38720.0
46667001,37660.0
41250402,16310.0
46091602,33900.0
40961200,42990.0
45570802,22030.0
49898002,47510.0
49988201,79340.0
47483602,25110.0
49081201,60540.0
42807400,31190.0
41991200,29040.0
45317801,29870.0
45995000,46580.0
47211800,40560.0
45549800,30890.0
44648800,26910.0
42956602,63120.0
44279000,58410.0
45843603,68610.0
47949002,36910.0
41164603,65500.0
44178003,47770.0
41470400,30480.0
41992802,44760.0
45721401,53100.0
46522601,39780.0
45379602,64510.0
44694000,81290.0
48982600,28910.0
47825401,56710.0
44015400,35980.0
47739202,23870.0
46068400,40110.0
43827803,70220.0
44473402,52870.0
42094600,52140.0
45612000,74280.0
42171203,34670.0
49766800,35010.0
42018402,23690.0
48351002,41530.0
43021802,30010.0
41899000,124760.0
41358203,28320.0
42714603,48280.0
47579601,63090.0
45673200,45960.0
44648803,33180.0
48911002,88880.0
44008401,45350.0
42974800,36390.0
47531801,87020.0
44947000,30270.0
46412401,52420.0
48977801,61640.0
49366000,56590.0
45279402,46240.0
41533803,74130.0
47008802,32890.0
45669000,27990.0
47942202,39060.0
47914801,36750.0
46554202,31310.0
44926003,41290.0
41162402,76430.0
42697402,65370.0
43987801,27050.0
44667001,45570.0
47701601,32480.0
46713000,52990.0
49037201,39210.0
44977600,52080.0
41616203,52670.0
45057203,39400.0
41478202,44970.0
45556401,90110.0
41105003,83120.0
45265600,45440.0
44225600,64970.0
48284402,60070.0
43802603,50740.0
44257601,38410.0
43174400,110950.0
48204800,35530.0
40991203,41390.0
49671801,80170.0
41612403,28880.0
49281001,34210.0
44861403,82130.0
43185000,63270.0
48393200,32810.0
47773200,44690.0
45848800,42780.0
49077202,32580.0
48949802,35850.0
42767400,37890.0
43251403,39840.0
49728800,43980.0
48396202,35080.0
49384001,40970.0
49501400,63890.0
45122801,66840.0
41600002,46840.0
44809402,25970.0
41677203,27780.0
44623801,37950.0
46871600,54120.0
49516800,46520.0
41719403,82950.0
41162002,48570.0
41533802,53580.0
47982400,39760.0
45732000,36030.0
42086003,32470.0
44345401,26190.0
43408002,40630.0
48766801,117210.0
42098202,31520.0
48327600,58410.0
42533800,29840.0
47551400,44140.0
45990200,53000.0
45553001,54280.0
45475000,24470.0
48110802,74270.0
49141400,81810.0
44163803,49690.0
46703202,102660.0
46627002,41600.0
47029600,23660.0
45391202,31780.0
46178802,47640.0
40815602,52760.0
42287602,58570.0
48684602,60020.0
47632402,79240.0
46962801,26240.0
41659400,38870.0
41675800,35680.0
49555200,54990.0
45635401,46510.0
45122202,134290.0
44873801,134680.0
43749403,30610.0
48997000,31510.0
45951400,42720.0
45705000,39350.0
41882600,66770.0
41502200,49810.0
44363203,52860.0
49673200,34960.0
41985000,22240.0
49674602,86680.0
45620402,60190.0
49440001,57650.0
44015800,31950.0
49354801,35160.0
46509801,30030.0
48188200,76560.0
47602402,34170.0
43736800,45340.0
46073801,40420.0
45454803,28650.0
46185801,52970.0
44352400,25210.0
49088001,68770.0
47835002,19680.0
48617400,34720.0
44290803,44960.0
40985003,76080.0
41017200,22870.0
44388201,65520.0
42501002,42400.0
41183000,30940.0
47765802,62750.0
45775402,45950.0
45642203,34650.0
49492401,83950.0
43240000,45300.0
41696003,38990.0
44280402,45380.0
43276002,39380.0
47173401,56840.0
49329801,64670.0
41589002,90800.0
49688800,67390.0
48600600,104600.0
45040602,78240.0
44244400,36230.0
45086801,40640.0
46096402,29170.0
44732200,31800.0
44209000,43140.0
46280602,43260.0
46186800,35970.0
46155601,31250.0
49509602,24620.0
46703601,28280.0
49337401,63080.0
49289600,27690.0
48033801,62240.0
49781800,38480.0
47330601,26690.0
43981803,52150.0
49854202,96350.0
47685602,63950.0
47502602,78670.0
45256603,39510.0
43993403,28750.0
43788203,53100.0
41549602,17180.0
49313601,46150.0
48383201,59780.0
48390202,61320.0
46120601,27920.0
42287003,53840.0
40917400,64820.0
41271800,27140.0
41043603,33380.0
49910400,80320.0
44336800,45420.0
48404802,65670.0
41205000,15880.0
47315402,87030.0
44301801,36360.0
41690200,46710.0
47230001,42900.0
45635603,41250.0
48102600,26170.0
44248201,28590.0
43570603,32630.0
42324200,58880.0
42953000,43120.0
43368402,31280.0
47554201,26270.0
42728200,47280.0
48856200,49930.0
47987002,29920.0
47473000,41640.0
47311802,56940.0
47338401,31410.0
43163602,29780.0
43541202,53220.0
49725601,58580.0
45971200,46660.0
49199601,65970.0
43072002,35670.0
49138602,37090.0
45985002,28590.0
40844003,36010.0
49181200,34070.0
44847000,32590.0
43262603,33840.0
45123400,52820.0
48279201,40950.0
45445200,34920.0
44508600,36110.0
41123403,32320.0
42890603,72630.0
48557401,52830.0
46891802,58700.0
46840201,30090.0
48875401,27090.0
48180202,22090.0
48978400,78370.0
42030603,63280.0
45852201,38920.0
43254000,74440.0
41800202,58880.0
43078403,54790.0
43621603,42990.0
49688602,35810.0
43717003,25990.0
46244202,47350.0
49812600,44880.0
42616400,23370.0
49821201,24790.0
42189200,97110.0
42062402,44790.0
44743400,23740.0
41051400,52860.0
47483801,22030.0
44090203,45870.0
42316603,82970.0
49872400,40370.0
45940601,36620.0
45420801,57420.0
43158802,49450.0
49772200,28680.0
43353402,49310.0
44114602,63650.0
48399001,58190.0
45179600,48330.0
46173801,47090.0
47211200,21380.0
43985801,48500.0
47086401,59140.0
44503800,23960.0
48549401,69410.0
42857603,27040.0
41574000,26650.0
40870400,58870.0
45195400,97100.0
45991801,63040.0
45597000,63250.0
44174203,39150.0
49474401,40640.0
41155203,49900.0
44533800,56670.0
44683200,48640.0
41536200,23530.0
41453602,26740.0
44741401,37310.0
44520200,79870.0
43422200,41630.0
47874200,26750.0
45856003,41890.0
41268603,28880.0
43758203,40910.0
44956400,33230.0
48738402,40130.0
48905202,38500.0
45104602,30030.0
46443601,82630.0
48582001,78350.0
46948200,95660.0
49460002,29500.0
46848202,55780.0
42885400,41570.0
44496600,42530.0
46666001,80880.0
47995002,44120.0
44729200,39260.0
43272603,60590.0
46485800,53700.0
47740000,21640.0
48883400,73560.0
46077402,52460.0
48578801,54140.0
46735602,34470.0
42979600,51110.0
43592203,48090.0
49636200,43050.0
46291401,32990.0
45327603,40130.0
45210601,43320.0
41223403,18580.0
42569600,55620.0
45135802,59280.0
46696002,29600.0
41485603,83500.0
43380403,54810.0
49210200,60020.0
44721803,55170.0
41417400,84910.0
41957602,48060.0
43050200,33510.0
42921403,70750.0
42419403,62940.0
44547003,41360.0
45730203,24410.0
48310200,53810.0
48959602,96730.0
42925600,24860.0
49748401,47790.0
46871001,63510.0
47309801,50750.0
43804403,48490.0
47556401,32830.0
48102202,26430.0
44477400,27500.0
45777601,26630.0
49281602,22920.0
44872803,62370.0
45085803,54670.0
45428403,62420.0
44468002,53730.0
43671403,64220.0
45396401,28670.0
45501000,46500.0
49415402,62930.0
45087403,26550.0
45050800,22140.0
45528201,29030.0
46824201,53240.0
45260003,44430.0
45669400,65780.0
47106402,43750.0
49188002,28230.0
49542402,103520.0
46516402,47790.0
45471801,60370.0
48565200,40760.0
48014001,49550.0
44379800,37250.0
43472800,28810.0
49745800,69440.0
43417602,112410.0
41255002,22000.0
47218202,40340.0
43174003,33670.0
40990600,51720.0
45203403,34950.0
46472200,24380.0
42473402,71660.0
49321001,47630.0
41624200,84630.0
45180400,16160.0
42941000,23500.0
44929000,71200.0
45689000,32390.0
41579002,17460.0
47128800,45530.0
41386400,34780.0
49934200,58170.0
45527801,47620.0
48481802,25690.0
44859400,34280.0
45341200,41160.0
41407403,27410.0
48396002,40660.0
44073202,36330.0
45933000,45350.0
47666202,53200.0
47989601,77610.0
43828203,27540.0
48569601,79770.0
44974402,80780.0
49992400,73480.0
46199400,46180.0
48040400,85720.0
46331001,28960.0
44628401,31780.0
47162800,57040.0
48176601,23500.0
45826803,25340.0
43907001,29200.0
49157401,36340.0
46241001,39630.0
44401602,79550.0
47061200,76150.0
48812200,28680.0
40842202,40310.0
46095600,29800.0
44689202,32160.0
47429001,28650.0
40846003,44270.0
46442402,86520.0
49265202,29180.0
41954003,32590.0
47318601,30010.0
41940003,54480.0
49205200,35390.0
49772402,29130.0
41191203,112250.0
40802803,29100.0
45884200,41730.0
44530000,77540.0
47808200,23770.0
45263001,28740.0
41152803,37150.0
43685203,34970.0
42459200,60450.0
44988203,55270.0
43658802,90290.0
45067002,82960.0
47704200,77300.0
47812602,23110.0
44467002,37740.0
44105000,57140.0
44986001,80270.0
49759202,32540.0
47072201,84630.0
44492402,38000.0
42842002,53660.0
48793801,173660.0
48482202,58820.0
43803403,45400.0
49902000,31110.0
43988200,27000.0
41112200,42750.0
43283000,37840.0
40955400,81400.0
44212201,87200.0
49695601,38700.0
47530601,57680.0
45485003,57630.0
43603200,34170.0
47652800,23190.0
46698800,110050.0
42737800,27790.0
43252603,93650.0
42346802,23800.0
45194802,89430.0
47878601,64840.0
42406600,36080.0
46078800,75080.0
49152800,42990.0
48912802,29030.0
41298603,16980.0
47199201,45080.0
43574200,32040.0
45385403,39290.0
42257000,39420.0
45236201,27730.0
42809403,43990.0
41754400,39640.0
45826603,31740.0
49916802,34200.0
48963600,33960.0
47021002,48750.0
44046002,41720.0
46799800,57240.0
42252200,34330.0
41243203,24370.0
46642800,44330.0
43641803,33530.0
45846801,89430.0
48910602,41090.0
44646803,45360.0
43984203,27640.0
48752402,61450.0
44605801,32780.0
42082003,40480.0
49225201,25580.0
43718203,59250.0
49498201,44840.0
43315400,29780.0
48592601,71940.0
48834600,48000.0
41182603,41930.0
47051402,24400.0
46370000,61730.0
41977402,27830.0
41843000,57900.0
41680403,30840.0
42337002,50140.0
44710600,30620.0
43717803,58260.0
46096002,23060.0
44360002,30440.0
41301800,29970.0
46099601,89600.0
41899003,87470.0
41579603,31010.0
45545401,53040.0
43797603,31230.0
48651400,63510.0
46339801,33950.0
49563802,22170.0
41737403,45720.0
49412601,44060.0
42385203,49710.0
44005800,31500.0
47054001,38390.0
47189601,35640.0
42545202,27010.0
44679802,25900.0
46519201,62770.0
44145600,27870.0
45703201,46570.0
42572203,41760.0
41749202,29590.0
47927401,48180.0
46485401,37610.0
44592402,30770.0
43269402,24090.0
43073400,60110.0
45257403,35090.0
43244602,53710.0
47368600,63020.0
49142602,66060.0
46021800,38710.0
48357402,120240.0
46165402,66200.0
48580202,25500.0
43043602,31960.0
41720803,68460.0
42909403,46230.0
44205803,94410.0
48367801,44170.0
47542002,106200.0
45054801,32100.0
44848802,54690.0
48686000,57080.0
44942200,47190.0
47784601,46040.0
45478603,37650.0
46361802,25380.0
48104000,41000.0
42724002,43000.0
41341400,19440.0
46820200,31500.0
40902603,43670.0
45567603,45640.0
45787802,36250.0
47787600,87320.0
42025400,32560.0
46374801,84120.0
47668802,95230.0
45948202,89840.0
43437400,47340.0
48057000,46180.0
45482600,76590.0
44991000,48210.0
46669600,33650.0
49630202,28450.0
41122003,32260.0
49677000,52560.0
43444803,43600.0
49516602,37000.0
43926200,34380.0
41175603,80100.0
48479400,29280.0
42791202,68330.0
47317601,108040.0
45098401,52960.0
46423801,17210.0
44687202,45740.0
46649201,23990.0
42810002,51720.0
41266603,16640.0
42008400,32240.0
48747600,61360.0
44208401,27490.0
45153601,41270.0
45344001,31050.0
43302200,39420.0
42631002,52520.0
43955203,62870.0
44435201,29460.0
42010400,48230.0
41465403,59400.0
46280801,56660.0
48375800,27730.0
41263003,29440.0
41216800,21500.0
46809800,97290.0
46411002,35350.0
45143803,39450.0
43225402,30020.0
48974602,76330.0
46479602,45640.0
45608803,31450.0
45310001,38400.0
44693802,30870.0
43320202,54940.0
44651600,71460.0
47054600,31770.0
43158203,66200.0
41798202,72550.0
43802002,52100.0
41205602,15820.0
42450402,45420.0
44912000,49360.0
41218403,27530.0
46982801,94420.0
49494401,31860.0
49194401,39640.0
47532601,90450.0
47631602,31580.0
49986400,26840.0
46570201,43690.0
43866400,43370.0
40999403,46870.0
46414401,74690.0
41124202,29760.0
48720602,34830.0
42539803,27750.0
42808802,133180.0
43856000,46130.0
48838802,40820.0
45327003,21850.0
48421602,79480.0
44047402,32790.0
43681402,33780.0
47273802,37280.0
41810400,36290.0
45109400,36800.0
46791202,81460.0
42960602,28950.0
44259003,31160.0
41044002,32810.0
40996200,30290.0
42454203,77570.0
44858001,40000.0
48864001,26400.0
47309000,37950.0
44876600,37240.0
41677600,57240.0
48640800,33150.0
48771202,70270.0
47502400,59100.0
46174401,49290.0
48699002,76430.0
47669001,53330.0
42686600,34310.0
43884000,32720.0
42272400,43300.0
46177800,49440.0
45840601,32660.0
48255401,27400.0
41631000,42020.0
41865800,27670.0
49948802,72280.0
44875603,25610.0
43576600,79440.0
47433001,32200.0
48343002,99060.0
46344201,62150.0
42997602,60080.0
48745000,44880.0
48694602,32410.0
48763801,51940.0
47470001,129900.0
43183602,55780.0
48288000,26940.0
41619803,34810.0
48067401,56410.0
45103602,32010.0
46019400,22960.0
43129402,39620.0
47221002,30400.0
46537601,48740.0
42425402,36980.0
47085602,44040.0
47374400,50700.0
44868001,58700.0
43766800,44280.0
48402000,37350.0
41435202,23590.0
48899002,70540.0
49027202,24930.0
48590602,41020.0
47810402,55310.0
49989600,52800.0
48490802,35200.0
49885600,61470.0
49312802,33710.0
46046400,60280.0
47112600,31330.0
48005202,49400.0
48448202,60430.0
48367601,65950.0
45108800,31770.0
48596601,85840.0
45564402,36840.0
43804400,80990.0
41726003,39790.0
43605800,31070.0
47332400,28520.0
47823202,27630.0
49283002,31720.0
44738200,34940.0
41631602,16370.0
46790401,86850.0
45462201,35810.0
46075002,33480.0
46430802,22410.0
44119001,31380.0
45513601,48210.0
47487002,28160.0
47777002,36400.0
49833000,114700.0
45809203,43100.0
43165800,49730.0
49344601,32670.0
42394803,49940.0
48813801,104690.0
42928400,41020.0
42113203,39410.0
45730001,51600.0
48487200,53670.0
41048800,50390.0
44955401,44670.0
45207602,42990.0
48976002,35990.0
49399201,100770.0
49686201,30060.0
44632402,54510.0
47717801,70690.0
45117600,53160.0
44317200,28030.0
46863801,29620.0
48527802,32850.0
47215801,31650.0
46971802,30980.0
48499201,26430.0
41116802,33290.0
45407400,51670.0
44919003,28560.0
45251003,60410.0
42969402,27590.0
45530201,70250.0
41890200,26790.0
43280202,53460.0
48873401,27450.0
42401203,28330.0
48049802,31480.0
49214402,39840.0
40975802,35780.0
46541401,43570.0
46291402,47170.0
45687803,25490.0
45739601,32270.0
42753802,76810.0
43874801,35790.0
45159202,35050.0
49124000,46350.0
47058400,54200.0
41569003,22370.0
42199600,55280.0
41139203,38980.0
41618203,24550.0
44095803,42770.0
43911001,52320.0
46945801,33190.0
42382000,31480.0
44186000,85550.0
48110200,36600.0
45234003,117130.0
47119600,62580.0
49938001,39210.0
45640803,43380.0
40818403,37110.0
49266001,20940.0
42531202,39990.0
46239401,65380.0
49125001,85690.0
48080001,23250.0
44871801,111980.0
48124600,46090.0
44681401,60430.0
46016001,37790.0
43562202,41330.0
42726002,41810.0
49901200,39410.0
45342001,36060.0
42732403,40080.0
46811400,25670.0
41539202,26120.0
41705800,78990.0
48125000,87590.0
43866200,42450.0
44967801,35630.0
41130603,34350.0
45492602,58830.0
45060201,36020.0
44412002,47520.0
48936400,135230.0
46573801,38150.0
42989402,44300.0
42972000,91300.0
41804800,32680.0
46738601,38610.0
44505603,46130.0
41959002,25340.0
46031401,31150.0
42857402,52670.0
41200802,52410.0
40832400,30050.0
41879600,37540.0
45285202,33190.0
47001600,42520.0
47956801,69050.0
46835801,56370.0
47742801,53520.0
46417002,102560.0
44665801,51710.0
46210800,41080.0
43918002,49320.0
45463403,51740.0
48163400,29110.0
41302800,18030.0
41662000,27210.0
44369801,50380.0
44210401,86400.0
47270601,52450.0
44644201,46450.0
43106802,82660.0
41443400,34280.0
48857801,30760.0
49259600,74370.0
46061800,56030.0
46273602,83480.0
46603000,40060.0
45534000,41060.0
42918203,44000.0
41882203,75550.0
44773801,39450.0
41124003,48850.0
44928200,38410.0
40942402,23880.0
43722603,56500.0
44879402,53910.0
45532601,59590.0
42678002,47080.0
44819401,75680.0
46187600,52190.0
46476000,35690.0
49363202,66080.0
44942603,27660.0
43109403,39110.0
44894201,23790.0
41669600,26680.0
41432002,60830.0
44763603,65590.0
42689803,31570.0
49490601,34130.0
45781802,52440.0
41129402,47770.0
47859400,36400.0
41874800,50360.0
41639600,24410.0
44906001,49860.0
41230602,23150.0
43163200,71300.0
48397401,44220.0
42660400,29510.0
44840003,70440.0
44136200,101520.0
45051003,23100.0
49432201,47180.0
45158201,38480.0
43527602,40100.0
41645603,33740.0
45459002,34390.0
45823201,35470.0
43892201,39630.0
44414002,57790.0
49182401,27500.0
46959801,40210.0
45762600,31450.0
46027800,37620.0
45199403,51410.0
43726400,46120.0
45059000,69000.0
42058600,98960.0
45371203,62900.0
45823602,34350.0
41937002,18910.0
41230000,25840.0
46731201,38990.0
42236803,38590.0
44586602,57810.0
43126000,26190.0
42408003,50660.0
46366001,82960.0
43658803,86670.0
45447803,81160.0
44779003,31620.0
45707203,37270.0
43185003,41210.0
47581202,36070.0
49648002,51890.0
44552802,50590.0
44044200,27680.0
41168203,35260.0
46222201,42460.0
41848200,45830.0
45419201,26840.0
49392600,37630.0
44072001,56080.0
43266600,31920.0
42905003,47650.0
46704402,26340.0
48826602,90800.0
46194602,43400.0
44298603,25280.0
46038400,68520.0
47601602,85040.0
49671601,26790.0
48166401,81750.0
41073802,51710.0
47154001,27050.0
43418403,35590.0
44016202,31660.0
42641000,44930.0
49699201,79200.0
44050800,91200.0
46864201,47120.0
44881802,54030.0
44281002,36260.0
47891601,50250.0
46816802,27300.0
41757802,66430.0
44686800,30790.0
42479002,29080.0
47292001,48650.0
47794602,34920.0
43784203,33380.0
49099800,79340.0
49860802,22190.0
46059601,25850.0
45567802,41200.0
45694801,24090.0
47988201,72140.0
43992202,28350.0
41565600,22280.0
40874002,37090.0
41667800,50270.0
42373603,49970.0
45625602,64700.0
49043000,23820.0
45223401,30240.0
46642602,49600.0
49064002,33830.0
48835601,46700.0
49658001,49630.0
49597402,29220.0
48782202,39790.0
47897800,29150.0
45789203,62680.0
45257602,98370.0
43378002,29040.0
46381601,32290.0
42855000,29580.0
43336800,78170.0
46829600,67940.0
41003202,37730.0
49703602,30710.0
46465601,58470.0
47472402,52540.0
46115602,33230.0
49616001,26070.0
45302603,38280.0
46008400,34350.0
40912402,44940.0
41034400,70750.0
44860201,29450.0
48920202,42250.0
43957601,30780.0
45529003,77480.0
49542601,34370.0
41941000,48440.0
48206001,27100.0
42144602,32870.0
45342800,25260.0
44613003,24700.0
44821603,54160.0
44402202,53050.0
40806600,61750.0
47492201,41320.0
45334000,23130.0
45308803,46970.0
49847000,40710.0
42305002,28840.0
45815800,52350.0
44534002,74120.0
45079801,31410.0
41589802,52560.0
41868402,73020.0
43405803,46890.0
47396602,62620.0
44973802,39660.0
49303801,40240.0
44637801,58760.0
49156202,49080.0
42641403,46020.0
46662802,45420.0
41143800,28310.0
42798203,49740.0
47762602,44890.0
42394203,51190.0
42983803,76060.0
45637400,42790.0
44545400,24830.0
43945003,32770.0
44001403,37890.0
42093803,28090.0
41940402,31080.0
43172003,38740.0
45495402,56630.0
46339600,42000.0
41259402,24190.0
46560000,71100.0
47104400,105700.0
47746801,23360.0
45333003,40550.0
46638801,29290.0
44364203,40510.0
44580803,28740.0
44433601,36740.0
43338203,73450.0
43029800,61800.0
48824000,55270.0
41947003,17190.0
42641603,50090.0
46228200,37040.0
41690202,46660.0
45946401,54900.0
45866202,34180.0
49736000,62620.0
42826000,39630.0
49904200,37410.0
48453400,48750.0
45063401,28570.0
41267403,16560.0
47041400,24970.0
43984400,82870.0
41789403,73360.0
41209803,24080.0
43948402,86410.0
46394002,38700.0
46722202,30140.0
48814401,57150.0
45655601,49560.0
43307402,67440.0
46469801,25280.0
49163000,51080.0
44027601,42580.0
48967202,47570.0
41938800,81220.0
49348401,52820.0
41369203,22370.0
42526002,27320.0
49470401,27490.0
44401801,57280.0
48093002,33210.0
47241002,59990.0
47722602,29330.0
45286803,52070.0
41975000,63450.0
49451202,48200.0
43016602,76310.0
44265402,32570.0
49362202,41150.0
47967600,37760.0
47514002,64570.0
42592603,30450.0
47448401,54240.0
45238603,36960.0
44937402,71090.0
49754200,42590.0
46284001,33950.0
44877002,42730.0
46662401,44590.0
44331601,26370.0
44700402,44630.0
41848400,94230.0
45670802,72190.0
45322803,91260.0
48233602,50670.0
41873000,62660.0
47223202,103110.0
44212600,42100.0
45385402,30150.0
45879201,53570.0
44745001,48540.0
47106002,48640.0
48628400,109210.0
46362601,39540.0
45432801,25970.0
42875602,55570.0
41082000,38100.0
49163202,50290.0
46379401,26980.0
44942002,46170.0
44951803,32670.0
41987602,35380.0
41494600,59940.0
49516402,52740.0
41299403,16740.0
42143202,57690.0
42622203,23980.0
49211200,29360.0
43145000,70080.0
45269602,61330.0
48213001,38070.0
48237002,59820.0
44302002,37850.0
41968402,32990.0
48589402,32760.0
47712001,24260.0
47918600,64980.0
47895601,34150.0
44710400,75390.0
47322002,56500.0
46543202,86860.0
45444400,70360.0
49509402,65430.0
44420603,25530.0
47630000,58740.0
41298800,17000.0
48380601,103550.0
49091402,68450.0
48995802,79510.0
42116202,30830.0
47130201,25060.0
43153603,48900.0
44551601,22370.0
46927202,62730.0
45237803,55840.0
46679602,45740.0
47841201,37230.0
45723602,81710.0
45485802,22690.0
46894002,30320.0
47264401,51380.0
44586201,52080.0
48511401,24350.0
42839800,32150.0
42204402,84940.0
43682600,27040.0
49305200,44020.0
46078000,55140.0
41351402,17700.0
43027203,51530.0
45747202,58620.0
42840802,15300.0
45232800,105260.0
48691601,28070.0
45218201,25960.0
49326000,53080.0
46261802,22620.0
49238801,27610.0
44301803,43170.0
40911803,37190.0
44046001,88910.0
40974603,32210.0
48776400,76000.0
44228603,33280.0
47258002,94180.0
45572203,31430.0
48966602,42790.0
42322200,48710.0
42808400,35690.0
41230603,23150.0
45187202,39740.0
47569000,25550.0
48603802,57660.0
44849601,76330.0
41926000,20500.0
41780002,27260.0
44043802,56830.0
44454801,85080.0
47527001,39430.0
43660603,30770.0
48853202,58360.0
41122800,38510.0
42326202,53120.0
42266402,28690.0
49573601,34200.0
45296000,26740.0
42834803,77510.0
40911202,57340.0
41131203,47810.0
43102800,73190.0
45640002,41310.0
48676201,33580.0
48263400,64960.0
45772403,27410.0
44474803,24620.0
49664800,36600.0
41239800,19710.0
43337402,93960.0
46664801,43560.0
48826800,35460.0
41630200,19030.0
47038200,60590.0
44742403,13820.0
45555600,95900.0
48230602,48530.0
43260203,53860.0
43089003,52450.0
42743600,49210.0
47870201,71030.0
48103601,44260.0
48555802,66580.0
43570402,39080.0
43080400,66000.0
43768003,45510.0
41988403,72940.0
45505003,35270.0
44629600,67840.0
43345802,77130.0
42120200,28820.0
44954003,73290.0
41284002,26630.0
45312203,42450.0
48227201,36950.0
46876202,75510.0
49526200,45200.0
45518600,22090.0
48210602,59210.0
48992601,23220.0
41124600,54660.0
46928602,60440.0
43001400,82320.0
45151401,88150.0
41490200,62740.0
44124201,32600.0
49488200,28310.0
45453802,40590.0
48321602,64830.0
49644400,60160.0
43912002,67370.0
47219600,30270.0
45085200,39470.0
48398002,52580.0
47015000,73850.0
43152403,48920.0
47329001,36370.0
47860001,32740.0
47550402,81500.0
43581203,21930.0
49304601,41610.0
43325403,60100.0
44242603,39380.0
46257801,37790.0
45765600,43170.0
44405200,53280.0
45756201,30370.0
41864603,24120.0
41772002,30700.0
44421003,28110.0
41730003,50050.0
42991203,35030.0
43587603,79110.0
48802801,35410.0
47319002,28570.0
49695400,56200.0
45895201,51160.0
49470601,46390.0
46602001,27190.0
41312402,21190.0
44261202,68500.0
49438001,33290.0
41816600,39880.0
44672202,74060.0
47109202,55470.0
41388602,30150.0
45522800,31060.0
48207202,40270.0
46893201,25040.0
41439003,21740.0
45510002,55350.0
48330402,30250.0
44976802,57590.0
45366403,56450.0
46120002,64410.0
46922600,31580.0
47879400,114280.0
42717200,93390.0
48105200,44120.0
41343600,29700.0
41760403,27610.0
47231801,66830.0
47856402,85480.0
46131602,60290.0
44509603,41430.0
48548800,31060.0
45373402,42810.0
49779200,40320.0
49638402,53290.0
49756601,36830.0
48735800,25870.0
41144003,76310.0
42584600,45900.0
44491601,25890.0
41437602,42030.0
41981200,30940.0
47641202,74410.0
41030802,44500.0
46188202,42330.0
43867203,52740.0
45144602,51950.0
48738002,31130.0
41228003,31320.0
48322402,45310.0
45634803,36470.0
47541600,46340.0
46886802,24250.0
47780202,72030.0
47709401,24010.0
46169801,25200.0
45793803,25020.0
45647801,88110.0
45205801,22300.0
45424001,32830.0
42797002,33440.0
44372201,42360.0
46728402,39930.0
43490403,47040.0
43183800,54970.0
44349400,34280.0
49444401,51000.0
41671203,42010.0
42240403,47760.0
43414200,36160.0
48435202,33540.0
46080001,43200.0
43451802,42960.0
45380803,29800.0
44188400,26730.0
44310000,73580.0
47831601,36100.0
42425400,90060.0
41815003,104400.0
43218800,44350.0
42720203,32120.0
41862203,17150.0
41093800,97580.0
49074200,82700.0
46368401,55130.0
45828402,42240.0
44240202,56920.0
41021400,37700.0
47557401,50990.0
43565000,88790.0
44194800,31050.0
44055801,50890.0
48539600,39640.0
49816402,23250.0
45328601,82930.0
45976202,57650.0
44338001,42380.0
44488001,32300.0
47981401,42870.0
41499203,44260.0
46900801,27500.0
41834002,104030.0
48962401,41360.0
42145403,42130.0
47715002,45540.0
45337603,34260.0
47018800,20470.0
46193600,24560.0
46988402,26570.0
46770602,96270.0
41599003,43290.0
44523400,56700.0
45350200,60060.0
40835400,89550.0
43413202,69350.0
43670400,35300.0
49193600,76260.0
49426400,45090.0
48753200,48850.0
44208402,34050.0
46759401,104810.0
46194001,22830.0
41015602,28480.0
45258801,42560.0
46847200,39070.0
46641801,38220.0
45590802,31540.0
48222800,62900.0
49097802,41050.0
43107200,30380.0
43929203,52840.0
49685800,71790.0
49207601,41570.0
46980601,41690.0
40914800,25110.0
48994602,76870.0
49968001,27140.0
45712601,29210.0
45835202,39150.0
46637000,26740.0
43853603,44860.0
45559403,32140.0
46939801,40050.0
41826203,63610.0
41257000,22030.0
45602003,90440.0
49537801,51180.0
44175401,36170.0
45570002,31690.0
46788200,41010.0
44399800,46430.0
42577403,45610.0
46732200,101020.0
43975803,114050.0
40869200,52120.0
49616400,44830.0
41572600,37510.0
44486203,29290.0
44866800,79360.0
42536003,48950.0
41741803,37270.0
47383600,93380.0
41849203,21070.0
44564801,56780.0
47568000,59040.0
47370401,33940.0
43239203,32060.0
42390800,47050.0
44604202,50250.0
42329402,50010.0
42006803,53720.0
46250600,57960.0
45178400,65850.0
42116000,27190.0
40989203,122840.0
46279802,58290.0
45538803,53480.0
47938602,78740.0
43658603,56260.0
43022200,47810.0
49353801,57710.0
45128201,53300.0
43975201,69980.0
42488003,21310.0
46559601,86890.0
46554600,52270.0
44051800,76150.0
48197200,48830.0
41467800,26730.0
44073601,57550.0
42481603,24950.0
47145401,34150.0
41736400,76810.0
46400202,29950.0
41378402,16630.0
45484603,47870.0
44248001,34040.0
44888601,27310.0
49326601,24820.0
48406002,42540.0
49747202,52470.0
47233202,47560.0
48750200,109480.0
44085801,68160.0
44497802,33470.0
44593803,29810.0
45171200,31420.0
44608401,49690.0
45988802,30020.0
46875400,52330.0
44383603,27840.0
43745802,41890.0
40811602,74330.0
48434801,64900.0
47203201,37920.0
41459803,49220.0
44087001,40870.0
44549602,53780.0
44995402,23870.0
48885002,44410.0
48443001,40200.0
45462801,47520.0
45598803,25460.0
49057600,28790.0
44506202,54920.0
42883202,32360.0
48435602,113950.0
46436000,40910.0
44116803,42010.0
43145202,49050.0
44746600,26450.0
46239801,21580.0
46305800,91600.0
48316602,25940.0
45511203,38700.0
42472803,89580.0
45472403,25080.0
43062400,42680.0
48471200,43000.0
41098002,31570.0
47516800,45480.0
41274203,18100.0
49772202,59560.0
42536402,67660.0
48845801,40200.0
43646402,42410.0
41264600,15400.0
48889402,26130.0
41728800,45840.0
46672200,59440.0
43465803,18980.0
44004202,42720.0
45091401,31600.0
45244400,54080.0
43493202,67940.0
46916601,99230.0
45100802,92360.0
42339402,28120.0
44651200,32960.0
44951003,62280.0
40881402,85310.0
47816002,39620.0
43146003,25220.0
47957401,46630.0
48177200,63570.0
47360400,35160.0
43923003,73060.0
44702802,24780.0
48045600,39750.0
45438402,104180.0
42667203,20470.0
47350800,36730.0
44276002,62630.0
41080202,122000.0
48076001,47000.0
45519003,36290.0
46706601,34230.0
49827002,25190.0
42755203,35420.0
45827601,73400.0
41174403,72480.0
44894002,47580.0
43602802,70660.0
43655403,60420.0
43325000,29420.0
45387603,53300.0
43064400,55100.0
44098201,27270.0
45690600,53190.0
49931202,33450.0
41382603,19440.0
45822401,50120.0
45710601,42850.0
43490202,37400.0
41690203,46660.0
46764601,29020.0
49725201,76600.0
46388802,64590.0
48494201,18770.0
42154800,31380.0
47140601,35980.0
46770400,27680.0
44248800,37160.0
44257203,42320.0
47576602,43580.0
46564800,55410.0
42826802,27680.0
45513801,98510.0
44024801,38090.0
41739000,77310.0
47293002,46490.0
41474000,90080.0
44780202,39250.0
45732603,43540.0
45090203,27540.0
44559802,26800.0
46963401,100120.0
47760002,43310.0
49662002,24860.0
44433003,38020.0
48715202,47210.0
41338800,24070.0
42235002,43130.0
45596602,66660.0
47425201,27020.0
42653202,54050.0
44063200,39690.0
45161802,36180.0
41696603,28570.0
45224601,26820.0
46968601,51840.0
47941601,39190.0
49508800,36060.0
41504803,63560.0
41824203,24070.0
46847601,28340.0
46771802,39100.0
44454602,33280.0
47546000,38500.0
43679402,29010.0
40864603,26890.0
44311001,52220.0
45227000,59890.0
47151400,41470.0
45256202,41840.0
41273402,19680.0
44091203,41360.0
49458600,41250.0
41236603,16100.0
49849601,94510.0
42939600,21610.0
44817003,37820.0
47668000,60430.0
42699000,70830.0
48006202,42150.0
44409800,67850.0
49103402,81980.0
48306800,39910.0
45648603,31170.0
49285201,60280.0
45416802,99590.0
47553402,39920.0
43374802,32020.0
42913003,41990.0
45715401,40750.0
43081400,77760.0
44843202,89370.0
46316801,80390.0
44547802,33340.0
42970802,44140.0
41901600,79150.0
43927803,56270.0
49735600,47500.0
48650401,111220.0
48995400,27660.0
49385001,61310.0
41282803,18050.0
41007603,50750.0
43884203,43640.0
47281600,47640.0
45902402,33890.0
43431600,35280.0
42691402,51060.0
43242600,48470.0
41665403,23340.0
49275801,44950.0
41453002,33760.0
48071802,31630.0
45786801,43060.0
49798201,35440.0
42155602,77100.0
48230601,41520.0
46331402,26580.0
44553203,36440.0
41323402,37390.0
43634402,129500.0
45694401,67200.0
43035003,35530.0
41336400,32640.0
47116002,19870.0
49008000,55360.0
46413600,25980.0
43624003,29340.0
44985603,29980.0
42291803,49370.0
46235401,51370.0
44412402,34110.0
48476202,50350.0
44461403,74800.0
41680802,37840.0
47224200,30710.0
42562202,94740.0
48683201,38370.0
47453601,99270.0
43356600,96320.0
47571400,38220.0
42849200,61030.0
43533402,32820.0
41939402,53890.0
47763200,118660.0
41958400,24610.0
41682803,28020.0
48545600,58940.0
41887603,52070.0
44040403,68200.0
49050001,58650.0
48116600,33610.0
44753201,42390.0
45242400,137970.0
49487202,31290.0
43812603,21970.0
48361200,77710.0
45649400,60020.0
46291400,33000.0
41169600,37790.0
49819801,33160.0
42034400,55750.0
49657002,29840.0
43879600,31690.0
44879803,84300.0
41191402,38470.0
45416801,97460.0
48026402,105630.0
47190602,105350.0
48943201,121810.0
43497402,49320.0
44301002,113320.0
42075603,42840.0
44683003,62440.0
48231200,52900.0
49788800,45270.0
47208200,36950.0
48917802,31450.0
44555200,48880.0
41159200,52680.0
49479600,43610.0
47831800,36970.0
43877400,42680.0
44067401,54490.0
41617402,27710.0
48996400,59560.0
47005201,26970.0
48993601,46210.0
47599200,35610.0
46476800,48090.0
48245602,109910.0
41281402,17980.0
44137400,97160.0
42528002,42810.0
41983002,33700.0
47488801,71910.0
45252203,21760.0
42572402,28020.0
42312002,40320.0
42527400,39510.0
44424202,56890.0
49427201,35380.0
42401802,26530.0
49220200,78030.0
44114200,99110.0
45240600,27530.0
46229001,52690.0
45073400,30890.0
43680800,54630.0
42911800,40030.0
47692401,21470.0
48868402,43020.0
47876202,69340.0
48225802,47260.0
48286601,28310.0
46064201,141980.0
41749002,82070.0
42191003,68380.0
44908603,124850.0
41246802,35790.0
47489202,42350.0
48451601,25880.0
46154402,33320.0
45140002,30320.0
43787000,81460.0
44349801,32450.0
44336202,67490.0
46014600,65520.0
48868802,45200.0
46500801,51660.0
45948001,39480.0
44410800,63380.0
49487001,40340.0
46238201,68500.0
47075002,45180.0
48061800,23660.0
42044600,26860.0
45170000,44720.0
43501802,44100.0
41319600,31370.0
44965202,35720.0
46023800,21580.0
41874003,35740.0
45231400,23610.0
46833602,66760.0
44373202,73960.0
46660202,39780.0
41308202,30810.0
45478400,119770.0
49407402,42210.0
45266403,127340.0
48132800,29540.0
44113602,85100.0
44367602,55310.0
45265202,57370.0
48435000,74150.0
46210802,64500.0
49739802,54940.0
49282402,32900.0
41559003,30840.0
41084200,91360.0
48172801,28890.0
42639403,69970.0
44146003,32630.0
41100403,29010.0
47961602,100820.0
44125203,50000.0
45157401,77020.0
47341801,50120.0
46249202,40300.0
40896802,32300.0
41904600,56730.0
48139802,36400.0
44938001,36320.0
45593000,93700.0
44640602,44650.0
44344202,90310.0
43126403,42050.0
42755403,27580.0
43414802,45840.0
45469603,42890.0
49171400,78410.0
41033200,35640.0
47874401,95300.0
44269603,72580.0
44887002,46240.0
41684403,45850.0
44791203,74540.0
48314800,31560.0
47456201,38590.0
41243002,29030.0
46700601,69770.0
46363402,32480.0
47989000,45120.0
47384802,33870.0
47636201,23870.0
44094403,62530.0
44359800,52650.0
44026001,48330.0
41695203,26610.0
41083803,37240.0
48790001,42070.0
49029002,33480.0
49837200,24970.0
42122602,63260.0
48202401,39890.0
41695600,24280.0
41956802,35940.0
40846203,65070.0
43229202,55500.0
48134202,25400.0
44738003,48480.0
42993003,37420.0
49820801,26310.0
47836001,55770.0
41251802,28570.0
47054802,42560.0
41600402,83560.0
42320600,29660.0
47142200,36770.0
45668602,60120.0
48090401,54860.0
48572600,29670.0
46824000,61500.0
41004003,33000.0
49624602,62280.0
46227802,32570.0
48041201,47010.0
43774603,34220.0
46722201,47490.0
44478002,44100.0
48016401,26830.0
43465000,33920.0
45866400,30560.0
45624000,24810.0
47824000,26340.0
41113803,73810.0
43856001,59050.0
40875803,38710.0
49309001,60880.0
44273001,25760.0
49252601,54390.0
42924403,64910.0
45646003,52830.0
42219803,89670.0
46513800,88650.0
48984002,38810.0
44422002,56490.0
41706803,33630.0
41722200,25810.0
44356602,26350.0
45317203,48190.0
48398601,52730.0
49448401,30730.0
45813002,42770.0
47824401,30700.0
43048600,42230.0
44324201,41360.0
40902800,28310.0
47286000,56180.0
45866802,31790.0
48975802,46660.0
44847403,38900.0
47880202,46490.0
43988600,35790.0
48910000,44750.0
49460202,29340.0
43868603,43810.0
48083402,102600.0
43366600,46430.0
41345202,25870.0
46887200,23620.0
48804801,37810.0
41720602,38520.0
46137001,50460.0
44711801,62260.0
46870801,57270.0
44011003,57170.0
48817602,39010.0
45221000,42200.0
43302203,53130.0
45917600,20380.0
45140201,79180.0
49970802,48930.0
45795201,28860.0
45944202,40730.0
42777402,34510.0
41581603,46500.0
44333002,104730.0
41903003,63130.0
43062000,57420.0
43273600,49650.0
46296600,39750.0
49112402,29500.0
41645600,38900.0
47772401,44920.0
46007202,43140.0
46888402,51300.0
44366803,31040.0
45304201,55240.0
47416400,80770.0
47335601,30750.0
47302802,80820.0
42623200,17360.0
49150202,30500.0
43405802,48890.0
49827602,36060.0
46904401,44230.0
45201600,29370.0
48395601,45410.0
43742402,34170.0
49547801,54330.0
42731803,43660.0
44753800,33730.0
48450001,121440.0
43102202,60530.0
44965602,26930.0
49464202,27060.0
48681201,48470.0
41212203,15330.0
46745001,65020.0
41788800,37580.0
46757600,50400.0
43943201,31140.0
45288203,39240.0
45994401,30580.0
46510401,55890.0
47124402,44930.0
47228602,61320.0
46568200,54250.0
42487000,47710.0
42395203,31630.0
46899402,48980.0
43672202,36780.0
49204200,34390.0
49904002,63820.0
40896203,42100.0
48642802,58340.0
45595201,62440.0
46476400,44410.0
44892601,34290.0
48397802,87190.0
45207400,36070.0
46758000,45870.0
45775802,81510.0
43734000,33170.0
47778202,60370.0
48780801,50640.0
42715603,50610.0
41166002,81910.0
43172602,49060.0
43513802,28890.0
44522201,32010.0
47914402,42480.0
41314803,28080.0
44209603,115720.0
44840803,82780.0
49313200,36920.0
47461002,27890.0
45320601,70200.0
42661602,27510.0
47981802,64070.0
43119402,47320.0
45374202,29340.0
44202203,60600.0
43507403,26000.0
48611600,47810.0
44078203,36680.0
44597800,36800.0
40913803,19760.0
45890602,31810.0
44578402,29730.0
49846001,62630.0
46856600,44620.0
48062002,37780.0
40927803,59030.0
49164802,83360.0
48310800,30090.0
42547000,53110.0
47180801,34870.0
44763200,37770.0
42386200,80810.0
42004800,30170.0
48995000,32210.0
45161603,29630.0
43552002,48000.0
46762002,35700.0
42961202,69160.0
47960601,126250.0
44431002,49860.0
46818800,38800.0
41716403,27450.0
49568600,59280.0
41842800,28290.0
48932400,75130.0
43273800,43350.0
46659002,85620.0
48593802,60150.0
45086203,60760.0
45151201,39230.0
49862800,52630.0
45489600,58560.0
43164402,29790.0
46299001,37570.0
47899800,30340.0
49935201,57580.0
44882803,48580.0
43980401,35170.0
43903802,26470.0
45873001,89480.0
40969802,37420.0
49050400,24970.0
44900203,55460.0
46409402,49860.0
45438600,35080.0
45105803,45100.0
42897603,40830.0
47660001,30880.0
41959200,23790.0
47417202,26140.0
48645001,38700.0
46215800,49290.0
41883403,31500.0
44837000,47050.0
49214401,44420.0
46566202,38640.0
47482002,48260.0
41142603,103370.0
46488601,103840.0
41914203,24370.0
44330401,38560.0
44089603,56460.0
43485003,34970.0
46339402,27360.0
48109602,46130.0
46489802,62840.0
44667400,41490.0
45819003,41100.0
43780403,49570.0
44474203,31390.0
49036202,50250.0
49548401,35630.0
40909802,41260.0
48934200,48800.0
43206802,64360.0
41263402,27190.0
45849001,54110.0
41967802,24210.0
41332203,17250.0
41906602,26730.0
41829403,17900.0
44331402,49990.0
41863000,24940.0
43632203,53060.0
46728400,58130.0
47941202,85000.0
44759600,84300.0
46811001,45250.0
44731603,26230.0
44312600,30900.0
49216001,37490.0
41888602,66370.0
41336203,31570.0
42466202,32830.0
47160201,47750.0
45265400,57520.0
48668001,28970.0
42822600,48840.0
48918401,105750.0
49960802,21700.0
46254202,25390.0
49615000,47660.0
48868201,45280.0
42894403,57340.0
46212602,74020.0
41960602,58320.0
42728602,34440.0
42571403,45520.0
41061200,49760.0
44085001,23190.0
44333800,36030.0
46312800,47000.0
46872200,115820.0
46744602,28610.0
48361800,31680.0
42480803,37150.0
44417003,26740.0
49843601,61620.0
45379401,48620.0
47814201,35660.0
43951002,29730.0
41212803,27750.0
46258001,39620.0
44845402,37410.0
45147601,53700.0
49585000,35140.0
41229600,15570.0
43458202,124550.0
46679002,27840.0
43792403,45520.0
44597801,54080.0
45351401,63900.0
46567001,23330.0
44003202,65750.0
41617003,24850.0
44101200,48410.0
46895401,38190.0
44316200,87880.0
45732003,52420.0
48540602,55150.0
49746001,22550.0
47523001,69730.0
44626602,57250.0
44440800,36980.0
49569001,54240.0
44645600,70420.0
44355601,32700.0
47677001,40750.0
46737400,30510.0
46800600,90460.0
42749400,68090.0
43692000,27680.0
47817000,24480.0
41861803,22900.0
44697402,55260.0
46386802,31750.0
42704003,36370.0
48787200,45340.0
44527602,48560.0
46860601,88580.0
43063803,43520.0
45305603,36600.0
42477203,51260.0
45532800,39990.0
49771201,40050.0
47188002,46320.0
45771603,26460.0
45389200,24660.0
41239603,17180.0
47011202,36870.0
48199600,26910.0
48988401,30360.0
47467401,47880.0
42555602,65940.0
49881800,25880.0
46457400,34590.0
46529802,32880.0
47578401,28020.0
43679602,33380.0
40892403,78970.0
45412000,51460.0
48434402,73320.0
44924400,25240.0
44070800,95700.0
44496402,39690.0
47795400,29130.0
42326402,54530.0
41484403,70550.0
41685802,108400.0
42220403,23880.0
43514802,34430.0
47492401,59670.0
44882801,85620.0
43983003,30400.0
41154200,52700.0
41018403,25050.0
44721000,38190.0
43877003,67060.0
48658802,49690.0
47057200,32170.0
41554803,43870.0
48212801,28430.0
47194402,27520.0
43887803,88020.0
43758002,28620.0
40901402,37230.0
47109402,47280.0
44856400,27140.0
45490001,40150.0
44088800,53200.0
48572200,42470.0
49439601,82020.0
48788200,56890.0
44052601,40110.0
44845403,50900.0
46003402,57070.0
42597803,48320.0
45365001,42470.0
46956802,29850.0
48299602,90590.0
41483000,31050.0
41284203,25490.0
41096002,59360.0
45782003,26960.0
44144600,36360.0
46029801,50470.0
45677002,43660.0
42114603,25260.0
42283800,90640.0
48164600,36640.0
41485202,77900.0
44326401,60350.0
41638203,45110.0
44784400,72430.0
45335403,54560.0
48566400,87490.0
45859001,77540.0
44884600,93980.0
48372800,43520.0
41051203,79360.0
44959200,28140.0
41201203,25210.0
49987002,42220.0
43378803,30020.0
46775400,36280.0
48558201,29870.0
41872802,69020.0
43205003,22020.0
45992000,48560.0
43374600,39810.0
46488801,53100.0
46770401,48930.0
48413600,45140.0
41676803,94090.0
44027403,25890.0
48798800,39960.0
43422003,36620.0
45300800,62360.0
48528800,72880.0
45907202,110920.0
45588402,42170.0
47643001,26030.0
41347802,33800.0
46310801,39500.0
41222603,26080.0
45413600,29980.0
42575802,71210.0
48321201,45950.0
41360800,28240.0
41023403,59550.0
48452602,71290.0
48202001,35170.0
45396402,32710.0
45078800,29030.0
41494802,50630.0
45098402,44440.0
42883602,53530.0
42173600,69770.0
42816202,40350.0
44591002,40300.0
48786201,96020.0
41974003,20860.0
42387602,43600.0
40836803,38560.0
47970800,28310.0
42102800,48550.0
41873403,32110.0
41511200,46980.0
44018001,67040.0
46594401,34670.0
43047202,70310.0
42639802,34840.0
46192402,75120.0
45590203,24620.0
46597601,38910.0
44504000,38510.0
43232000,121280.0
43428003,38330.0
42739400,28650.0
45694402,100370.0
41147802,117450.0
45076400,78200.0
43453802,59970.0
41637003,79860.0
41102603,47200.0
41484000,55290.0
47455602,22950.0
48242401,31410.0
45042402,49160.0
43832600,67160.0
49426401,36060.0
45762800,35220.0
44116601,67380.0
48436800,33280.0
46638600,83440.0
42006202,37520.0
45338003,59660.0
42040002,42840.0
47307600,54190.0
45347202,44180.0
47632202,30380.0
45418402,93790.0
46816800,75950.0
41735600,35780.0
45344600,73150.0
44212403,77300.0
43074603,45790.0
45515003,35100.0
42662800,35410.0
47053800,34930.0
48560602,37120.0
46300200,45310.0
46683400,27810.0
47121000,53900.0
44059803,25080.0
46863402,41560.0
45499602,51980.0
49242601,31390.0
46218200,45040.0
47606202,38850.0
44334600,69610.0
45848003,31220.0
44823201,22980.0
41027002,43870.0
44035403,29190.0
41726402,90800.0
41753200,28240.0
41853600,43450.0
44833601,40120.0
46667600,46420.0
45243001,33630.0
49226801,36730.0
45307602,38010.0
43163800,71640.0
48056400,51080.0
43622400,52350.0
43237802,36980.0
47563000,31890.0
45918802,33450.0
45712603,87590.0
45505603,49670.0
45285803,51620.0
47040200,61920.0
48001600,45850.0
48230001,34450.0
43187800,36740.0
47101201,62170.0
41261003,22810.0
48371600,27330.0
42276002,65280.0
47749002,49930.0
41611002,42080.0
49314401,29050.0
47684800,41790.0
42875603,56310.0
47781000,53040.0
45774200,39330.0
42371202,42970.0
43885001,125410.0
45430003,84010.0
43402200,31280.0
44631402,64270.0
44881000,41160.0
43900801,61960.0
46449401,31410.0
43187602,50190.0
44585802,34190.0
42194800,47920.0
42628603,31620.0
49241002,33740.0
44649402,68210.0
45758203,33860.0
44502001,29250.0
46609001,64180.0
42381602,38090.0
47663002,29710.0
42720003,30910.0
43820400,41720.0
49518600,43340.0
47234602,67880.0
48102802,42330.0
49144000,116660.0
48551601,68030.0
46415801,36090.0
41339600,18160.0
48801400,60190.0
41454400,30040.0
49537602,53060.0
41266802,17290.0
41453202,79350.0
48989401,43030.0
43453600,102420.0
48986602,73180.0
44215601,36750.0
46311402,21790.0
41998200,25310.0
44596802,51220.0
45610601,33590.0
46436600,41120.0
44180603,44520.0
47543601,64730.0
42223200,28350.0
42834203,28080.0
41616802,22810.0
45059202,46010.0
45732201,39640.0
42540203,39410.0
41998400,52210.0
43779003,61540.0
44333402,43450.0
43790402,54230.0
42401002,18310.0
44581001,59270.0
48055002,38350.0
48743802,65760.0
48080600,79340.0
46264002,45220.0
42136002,30280.0
46431201,77200.0
49734802,78120.0
49336402,57040.0
44371203,32010.0
47281202,88380.0
47195200,28110.0
46992601,75200.0
48233002,46780.0
43302003,23620.0
46164802,60020.0
47962602,34500.0
47677201,55250.0
42454602,82540.0
42756803,32380.0
41907002,26850.0
49283001,30800.0
47328000,47060.0
48019202,26440.0
44514400,83100.0
46852801,40380.0
40967403,51070.0
47739800,48900.0
41750003,34450.0
43207402,39820.0
43696203,36370.0
44289401,20200.0
45076201,54720.0
45655002,52580.0
45234600,46970.0
45337801,49030.0
44930200,36310.0
44494003,43160.0
40986800,29620.0
44455602,31070.0
43989800,50600.0
46976001,84140.0
48387600,33600.0
44008600,43310.0
43457600,37630.0
46631002,39170.0
48129201,55180.0
41274600,30710.0
42149200,28670.0
47718800,44580.0
41644603,54740.0
47920602,28680.0
45409000,30980.0
45645201,63180.0
42877802,44100.0
43448002,43500.0
49195801,90970.0
49662800,28360.0
48329202,61900.0
48907402,35820.0
43530603,78060.0
42849803,113160.0
45865403,32260.0
48864802,26000.0
48085802,25230.0
49753401,102830.0
41251000,25020.0
44038400,28050.0
46076400,51820.0
44329800,33670.0
43373402,25710.0
41497602,52950.0
48660600,30230.0
42280802,76200.0
48384602,56600.0
49500200,32160.0
41683602,41390.0
41556403,32380.0
45442801,23300.0
47616602,33600.0
42523800,73840.0
44905003,35500.0
46840400,55100.0
46258600,50080.0
44327600,53760.0
44895801,90060.0
47720002,49180.0
47735802,61370.0
47665001,30460.0
46240402,43100.0
46273601,43220.0
47305001,34540.0
47949201,14420.0
42239402,35620.0
43323403,33250.0
42165802,47850.0
47335802,41680.0
47845600,29960.0
45753001,80700.0
41288602,30430.0
44761602,53460.0
42177400,56660.0
48265601,37740.0
48518600,31430.0
47657401,89770.0
41613003,48410.0
44135802,30340.0
41121002,51680.0
41207003,28420.0
44254602,42770.0
47851201,37150.0
48572400,90050.0
44590200,28330.0
47473600,27740.0
47770002,60560.0
44542000,33050.0
43354802,26440.0
45673002,58550.0
47371601,26850.0
46770000,27600.0
41849400,23370.0
48594800,66990.0
46174801,34770.0
44926403,35870.0
44660003,48990.0
47367800,59930.0
46018202,50140.0
41469000,43380.0
47001802,40150.0
40812803,50570.0
47894000,37020.0
41499002,41370.0
41102800,42860.0
41371402,29080.0
41838800,24820.0
49284200,55110.0
49351202,46600.0
42689203,31570.0
43544202,89510.0
48085400,54720.0
46776200,22490.0
44585001,29280.0
43178603,34140.0
46455000,29160.0
45098403,69400.0
42012800,56350.0
43885000,29870.0
49215401,64050.0
42689402,31570.0
41572802,48740.0
47365200,66030.0
44613000,25470.0
47397400,86590.0
46181601,28240.0
46053200,44240.0
48021401,39510.0
44848603,72970.0
45923800,33490.0
48591001,43740.0
49029001,38540.0
47461400,90690.0
44948202,28150.0
47132401,57280.0
43900203,40530.0
42386002,87460.0
48247602,37480.0
48753002,39220.0
43602203,76820.0
43836400,43410.0
45462400,75920.0
44554200,23440.0
47991602,107840.0
41767200,47080.0
46037402,43890.0
41624800,25020.0
46381002,33000.0
42933403,40760.0
49825201,41660.0
47742402,24980.0
43292603,30770.0
41547400,26430.0
41242403,17400.0
48624000,90160.0
49787802,64140.0
44562600,74080.0
42911403,46130.0
43931000,51670.0
45241201,84330.0
49935202,51940.0
45588600,53530.0
45217002,43900.0
41263202,28210.0
43967000,32110.0
49707002,58490.0
45999402,74310.0
43901401,27110.0
43312003,42010.0
49367801,67660.0
47231401,56010.0
41779800,41110.0
49715801,48360.0
46454800,33690.0
44506003,35610.0
49097000,39360.0
46137600,43840.0
44685402,66970.0
49331601,60600.0
49747201,48700.0
41458000,57670.0
43958401,51100.0
48397001,76150.0
45653000,32180.0
44747603,44330.0
46485601,38010.0
46678802,69850.0
47218800,40290.0
43650802,65990.0
44150601,25110.0
44903000,111280.0
48849000,33530.0
46818401,61260.0
45383400,41620.0
47270200,32810.0
47811202,20130.0
41180400,64780.0
45621203,37510.0
48281600,32670.0
43918801,68880.0
49287200,48620.0
43782600,34930.0
42579202,50840.0
47297601,72680.0
43473002,40760.0
49945202,40020.0
49606001,37350.0
41965003,72040.0
42081203,34960.0
47715000,44740.0
44076803,43410.0
45628801,39290.0
49547001,44650.0
49668001,27680.0
46187401,47050.0
44401800,64570.0
44413401,40800.0
41781200,26010.0
43089400,26090.0
49073401,42750.0
49063600,61640.0
42595202,40500.0
44192403,56650.0
47705601,52790.0
42747200,17040.0
42220202,35800.0
41070203,44380.0
44227400,36210.0
47091802,48340.0
44173402,25850.0
42742403,29620.0
46401802,94510.0
42829803,90730.0
48811600,26590.0
40908400,64860.0
44071002,31880.0
41886202,60290.0
44456201,106030.0
43114600,36210.0
42446200,33090.0
41355803,19760.0
41234602,20760.0
41388202,24640.0
44280000,23590.0
45408600,30840.0
48455201,56040.0
40816002,79230.0
46291202,47370.0
46976801,46030.0
42395600,26230.0
46440600,44430.0
49917200,35580.0
45961402,54640.0
41661802,24960.0
46427400,54080.0
41050603,39170.0
41996002,75360.0
43850800,37510.0
47712401,78710.0
41817802,37970.0
45882600,64290.0
44991403,33460.0
45236001,24790.0
41339000,16890.0
47577800,32030.0
43764000,37250.0
42317800,50580.0
48981802,84300.0
40913602,87360.0
41602002,26150.0
43631200,108380.0
47279601,30970.0
44970000,29100.0
44096402,43310.0
49496801,23050.0
45913602,31230.0
48144200,73480.0
46435802,40480.0
45758802,37410.0
48019000,41890.0
45318802,97220.0
47825000,29220.0
47531602,33080.0
46186000,52650.0
47233400,53110.0
43325002,33340.0
41023603,37710.0
42665002,22250.0
41001003,94250.0
49212801,60410.0
46243401,47950.0
48362000,32050.0
48795202,39380.0
41216402,13960.0
44862600,53170.0
43448803,32880.0
49024401,21510.0
46467601,64430.0
46564801,52390.0
47558200,67230.0
42057600,48880.0
49216201,39800.0
44569402,44710.0
48495002,38260.0
46508200,49600.0
45534200,38060.0
43370003,38020.0
42202400,45060.0
46555802,44470.0
44816001,40660.0
47524400,30740.0
46787201,37410.0
44416400,35400.0
49978200,42080.0
41580803,39080.0
46981401,60580.0
41661003,20840.0
45765003,31570.0
42813200,42370.0
42026602,33420.0
42900803,54850.0
48192202,73240.0
41819603,28300.0
43722803,38380.0
48833600,98010.0
46038002,43110.0
45296603,34420.0
44716001,100990.0
44771603,28530.0
41528203,43550.0
46500400,72950.0
42847600,34510.0
44134600,80610.0
41101400,33100.0
41908002,40740.0
40914400,43180.0
47294800,36430.0
47435802,22020.0
47713201,24290.0
46890602,30780.0
42148002,49960.0
45290600,38460.0
43112000,43320.0
41233403,24740.0
48461202,41690.0
49107202,30080.0
44523201,54380.0
44654801,43140.0
45846200,49810.0
45127001,54670.0
47752002,51110.0
45478201,35860.0
44877602,82110.0
44624003,57160.0
46288600,64900.0
41489000,43170.0
49943600,53450.0
45486603,33480.0
49843402,51340.0
48317202,45480.0
48114600,30720.0
41541002,125010.0
43972803,40510.0
43712000,53420.0
44111201,36720.0
42887003,68510.0
48539401,28420.0
44345603,50230.0
49222600,45630.0
46313201,34100.0
42431202,26600.0
48023602,71650.0
48432402,104470.0
46269002,24240.0
41037402,82150.0
43818603,30270.0
42367003,114390.0
42887202,43580.0
46746401,49130.0
49519200,92840.0
41888803,35360.0
42966602,42560.0
40931603,103840.0
46546002,58330.0
40894400,30650.0
44347400,25180.0
44395800,36760.0
44008402,48640.0
43934002,22020.0
46078602,37650.0
41220002,38740.0
41061602,23440.0
45177403,53350.0
46963001,42430.0
49635600,29870.0
47059402,113870.0
48525801,51770.0
47398001,47570.0
43959802,57390.0
45757201,106750.0
47600401,66050.0
46987602,28760.0
41292000,20940.0
45217201,44070.0
41930000,26510.0
44323001,32860.0
45078203,37040.0
41849600,49370.0
45918600,51530.0
46837400,73740.0
49441200,55610.0
49809600,42740.0
42459803,49220.0
44856000,26040.0
41247803,18370.0
42576002,43180.0
44660601,17600.0
42860202,47040.0
48441000,28650.0
48438201,65560.0
48336802,107370.0
49080000,31770.0
49652002,73840.0
43301403,55970.0
41622002,28300.0
48176201,27770.0
44200403,28010.0
47362001,43480.0
45288200,106390.0
47495000,60840.0
41223402,16080.0
48992802,63360.0
48381602,40250.0
44249601,34040.0
44170401,61560.0
45684403,53830.0
49016600,43300.0
45333201,72040.0
48882000,53010.0
47376402,105810.0
41467600,47390.0
48940002,32840.0
43934001,24510.0
43380202,23460.0
41653402,34220.0
45078803,62160.0
46668201,42950.0
46206800,83390.0
41949803,15990.0
41461802,34540.0
46503000,44110.0
47432002,46130.0
48443801,51740.0
46152402,26380.0
46641001,66780.0
45321800,38150.0
42657400,29820.0
44762002,60960.0
44047001,45240.0
44452800,51770.0
49674601,42630.0
49169001,40250.0
49978801,73670.0
49744200,26510.0
41461402,39220.0
45068803,58070.0
41882200,45400.0
47173201,21550.0
46548802,36210.0
46574602,72750.0
42622602,47390.0
48227601,32800.0
44292801,28680.0
42617400,39280.0
42877803,32800.0
47707602,39980.0
44969802,38040.0
49738801,40910.0
42088802,31000.0
44275002,60080.0
42531402,50010.0
49457600,32740.0
46765201,65600.0
43811002,45370.0
48217802,42940.0
41868800,30120.0
42710002,95960.0
49561401,24990.0
46158800,116670.0
44609200,40060.0
49624200,39110.0
44746800,44540.0
44189402,36460.0
49214202,27410.0
42597002,29370.0
41342803,24800.0
49845601,63520.0
44644400,26520.0
42502400,25310.0
47947600,45010.0
49324800,85100.0
46814000,44150.0
47082200,72160.0
49892001,41970.0
47010800,52350.0
40961802,51670.0
43806802,101380.0
44040202,70740.0
41266403,25190.0
46048602,37680.0
46874400,39510.0
48547400,98420.0
45934201,24100.0
49304402,45000.0
41708003,22900.0
42664600,104410.0
41164803,47780.0
46936002,49780.0
42204403,47410.0
45599203,24410.0
41640002,29940.0
46847802,27060.0
41942402,49880.0
45096000,33550.0
43687603,25750.0
46617600,33060.0
44857200,66900.0
42962600,28420.0
47954402,38800.0
49336602,45210.0
48331802,31130.0
41043000,38020.0
42422003,30300.0
47794002,47210.0
42781203,29400.0
45372603,112320.0
48888200,47780.0
44477402,66100.0
48269202,38060.0
47888802,46800.0
45800601,15890.0
47191001,54800.0
47789802,34310.0
48601600,52640.0
47273601,42390.0
47107402,43990.0
43712602,100900.0
41284403,17990.0
41291203,29010.0
47031601,46950.0
48372401,45370.0
46640601,47850.0
42980200,43260.0
46074800,39500.0
40951402,32410.0
49571200,34990.0
48201201,165010.0
44553402,52840.0
43511200,59970.0
44496400,73470.0
46241600,82280.0
44471802,34450.0
44744800,51850.0
47058802,111570.0
41903000,58300.0
44009200,20320.0
48361202,38950.0
43851601,25790.0
42775403,50060.0
48534600,54850.0
42202802,47340.0
44333400,27170.0
41628802,82710.0
44476602,24530.0
47499401,47160.0
44393402,71530.0
44745601,13120.0
47723402,75070.0
47466401,44000.0
49651001,32550.0
45459202,36670.0
42420803,125170.0
46188800,52640.0
44626203,82600.0
49059200,27220.0
47345800,40840.0
47984202,30260.0
47941000,20900.0
46887002,39460.0
45736003,45380.0
42789803,27300.0
48970802,65560.0
48371401,39120.0
49043401,25240.0
47271601,56100.0
42738603,52050.0
41630202,19030.0
48787601,64940.0
44558001,36570.0
44950201,85790.0
43851602,63680.0
41679003,44680.0
41235800,26070.0
48547002,26630.0
41224000,29920.0
44808201,28450.0
47304200,57020.0
48914801,52000.0
46005801,89960.0
41208602,24080.0
44266202,43790.0
45148801,47150.0
48080200,39720.0
49248802,89230.0
42187003,36570.0
47339802,33320.0
45475200,56770.0
44420602,41840.0
49808601,38280.0
47669200,27000.0
43261400,50550.0
43265800,21050.0
48120800,45040.0
43485202,42780.0
46145600,40490.0
46918402,30930.0
45907402,29190.0
43375600,39170.0
48964600,33400.0
45369801,42730.0
42989203,46400.0
42283803,24920.0
48776402,42040.0
45703601,65750.0
45646803,23200.0
44006000,52770.0
48596001,49070.0
41498602,36960.0
44702801,24890.0
48838800,28950.0
46472801,41800.0
44010201,65800.0
44558203,31870.0
45879001,28170.0
49207000,26140.0
47094600,42880.0
41392402,53350.0
43532003,98570.0
45089202,71580.0
45171001,29370.0
46573201,34700.0
47576800,29340.0
41214000,16860.0
47745201,37130.0
45380800,105410.0
42128402,31260.0
48709801,69320.0
42810000,75840.0
45181603,36240.0
43984403,28300.0
43349200,88860.0
42802400,61180.0
43690802,74100.0
44827001,59020.0
46414601,42420.0
46454202,50340.0
42618802,48050.0
42448200,29900.0
41265403,24210.0
43540202,60130.0
45906402,32940.0
42225800,27680.0
44347201,44960.0
42453600,65730.0
43367600,44020.0
47770600,27230.0
47591602,26350.0
47932402,85050.0
45787801,26260.0
49447400,51460.0
45417401,54260.0
49966400,30240.0
42485203,72670.0
46803200,29270.0
45938400,57480.0
43640803,58530.0
47119200,27580.0
44714200,57270.0
49719602,41570.0
41173602,91510.0
47614601,37710.0
47488202,59160.0
49524601,27010.0
43725802,33580.0
45120001,88720.0
47733800,28420.0
41409202,44850.0
42694600,56650.0
42502603,47720.0
44296403,43240.0
43883202,45920.0
45604403,30820.0
42829400,37010.0
44455400,39530.0
43470003,44710.0
42807603,41640.0
45209803,49960.0
43783203,55610.0
44093402,25320.0
49407600,33720.0
49851601,54240.0
42227600,38590.0
48186202,65940.0
42171402,25650.0
48484800,31580.0
46170402,41260.0
43375402,45390.0
41146602,116590.0
48643202,36190.0
47887000,28420.0
43175803,57670.0
49366002,26520.0
47447601,68680.0
46193001,28000.0
42333400,41800.0
41347603,19000.0
48799602,40650.0
44369603,67570.0
44793002,41060.0
44324001,37990.0
49710201,29830.0
46263402,51850.0
41446003,49170.0
46807201,32560.0
46335400,73170.0
46712402,59310.0
44772602,54080.0
46693601,28150.0
45567801,79000.0
48839801,76480.0
47511201,29710.0
43451403,41280.0
48095602,105160.0
49665201,44160.0
48152401,31230.0
48198602,19810.0
48239001,87110.0
44773800,50900.0
47269401,39880.0
45446402,24760.0
46741002,32820.0
42543202,92060.0
47557402,27080.0
47992601,32520.0
41382002,37770.0
42958802,45720.0
49598801,50610.0
42400603,58160.0
44425401,35690.0
44899403,56390.0
41812402,58760.0
47773600,94860.0
45150603,26580.0
48107000,71550.0
47060202,23640.0
44323800,24590.0
46361002,55280.0
46522000,28910.0
49197400,32790.0
43960800,25570.0
47075202,36470.0
44595203,22300.0
41462000,26460.0
46974400,63890.0
48280600,92350.0
44745800,29850.0
49164202,29430.0
43771600,95180.0
48478401,35020.0
47959802,53390.0
47568002,27950.0
43329202,24510.0
46383400,44780.0
46529001,52480.0
43485000,94770.0
49576001,48150.0
48420602,38000.0
41336202,31570.0
42420800,81160.0
45204803,35740.0
44641200,55670.0
49011601,26040.0
49262202,45440.0
45023403,28430.0
49734001,25590.0
42334602,77560.0
46804401,36110.0
43924603,63270.0
48458802,67820.0
43046403,97330.0
49457400,59480.0
41882002,52470.0
48454201,72310.0
49882200,28380.0
49644201,37040.0
45734402,57400.0
46547601,22650.0
47647200,57790.0
41129600,62110.0
42497602,20100.0
44386202,57340.0
49823601,34500.0
48956200,38480.0
41031203,22280.0
45500203,71690.0
42002203,34990.0
47174002,60540.0
42145003,27390.0
44202402,132860.0
41555200,89160.0
41961803,38480.0
47783001,33280.0
44230801,33450.0
48809200,63440.0
41467200,92130.0
48023002,44810.0
44764400,22460.0
49517802,44160.0
45902600,33700.0
43798000,51620.0
42897803,35720.0
44164001,50440.0
48980800,32170.0
41287000,26760.0
46767201,57830.0
42542403,93930.0
43956203,41260.0
49967000,79820.0
48807600,39770.0
44581601,57100.0
42053202,67520.0
45112402,29870.0
47145002,60550.0
43884602,45390.0
48211800,41950.0
42102202,64890.0
48226600,44790.0
46570602,29770.0
49321801,24310.0
42059003,23380.0
46072601,49080.0
42351602,90390.0
43448003,23840.0
44504203,35570.0
41003800,61140.0
49430200,27490.0
41052000,81980.0
42414403,43800.0
49447600,41930.0
49689800,42240.0
44013602,73850.0
41010800,41160.0
49635202,47230.0
43878401,34330.0
49753200,57480.0
48456602,37450.0
44158201,35660.0
45427002,80610.0
47641402,43310.0
48753400,51980.0
41876003,40700.0
42919603,68190.0
41480000,31090.0
48595800,50810.0
42808403,33290.0
45482603,78530.0
43869003,81980.0
49046400,100760.0
41855803,16310.0
48197400,55180.0
44534400,40160.0
48734200,25560.0
49107401,22440.0
48159001,25990.0
41994403,25590.0
42736203,41820.0
44046003,32040.0
46288801,30060.0
48291800,69120.0
46591801,43860.0
43154200,41440.0
48401801,38490.0
45701600,85180.0
44040803,32660.0
42016400,64840.0
49399601,57620.0
43432600,50760.0
45620003,29260.0
49882402,38770.0
42665202,21610.0
48259002,30080.0
45656800,39070.0
42514202,45990.0
42146403,24190.0
49117800,45150.0
48563002,30810.0
43049203,41780.0
46201000,28910.0
42887600,26300.0
45199202,94120.0
45864802,43400.0
48474400,42180.0
48624400,63220.0
46583002,72900.0
47813802,20060.0
46226201,29770.0
46295402,75790.0
45449600,67200.0
44150200,42740.0
41628803,56230.0
43925003,92610.0
43853200,27360.0
49714600,40760.0
47118802,74280.0
44008002,28660.0
48503802,40000.0
45781602,76480.0
41374603,26060.0
41420603,65440.0
43260000,34820.0
49983002,48510.0
45448603,44660.0
43015202,55210.0
49000600,17600.0
49292002,38850.0
44572203,56920.0
45321200,34620.0
44608000,52480.0
42503003,29040.0
46467602,35670.0
41688000,51970.0
47907801,63250.0
43983202,101250.0
47587602,70140.0
42945600,100720.0
44182402,54190.0
42297202,34160.0
42931400,63210.0
41297402,28060.0
44378003,25440.0
43422402,60310.0
48350602,40160.0
49816200,40520.0
48729002,40220.0
40885203,90300.0
44359203,52970.0
44012002,36100.0
49669202,40890.0
48387202,32340.0
45491200,51370.0
44644200,37800.0
41864402,25730.0
46948800,42980.0
48191402,40910.0
48691802,32980.0
45243802,33700.0
45728800,30840.0
49510602,41020.0
46057400,29770.0
45744402,57820.0
44982603,60920.0
47832601,24440.0
47591400,58630.0
49824801,53420.0
49401201,42280.0
48214800,31410.0
42667002,20920.0
41698002,52510.0
47075800,31590.0
49513202,40400.0
44765200,44030.0
43799802,61320.0
41743802,55470.0
42303800,25440.0
48405001,29390.0
49212400,32860.0
42993802,46830.0
41996403,36290.0
42201803,38430.0
44551202,64040.0
46358802,40770.0
43389403,51310.0
48939002,83530.0
45804802,57280.0
46551202,47600.0
41797800,31640.0
46762600,77720.0
44233803,45180.0
49122000,24130.0
47767800,32740.0
44379002,50490.0
43481602,58440.0
45031802,61320.0
47586602,26500.0
48189400,32530.0
45139602,35500.0
45685600,33600.0
42709400,49170.0
49860600,84210.0
47272200,26480.0
48971000,32900.0
41687803,60290.0
48961201,22670.0
45185003,59150.0
41548000,18230.0
43141802,39030.0
46502402,46980.0
45718401,26930.0
48945802,51930.0
42492203,35760.0
44403601,38890.0
46523601,67540.0
44581401,35960.0
44529400,39860.0
44659802,77330.0
44595400,32530.0
48513601,39240.0
45744801,28500.0
41752000,54530.0
46718200,38910.0
41314602,28080.0
46504400,34380.0
49655201,44910.0
41130800,61400.0
43872403,71160.0
48254800,81810.0
45142802,25720.0
48557201,54850.0
45134800,41740.0
44823801,28500.0
42266603,98280.0
41412200,33500.0
45782001,76910.0
46791800,68720.0
45600800,24040.0
48033402,47260.0
46136200,32420.0
43525802,57860.0
47836800,27620.0
41931800,49770.0
45424801,57430.0
47503800,78010.0
43813802,77150.0
45351801,29200.0
43861602,57030.0
45684401,50490.0
46035401,41480.0
43367402,59770.0
41592403,77620.0
46110402,86330.0
42804603,41910.0
48546402,58470.0
43955000,37380.0
41749603,50630.0
46080601,31930.0
41577803,20470.0
49148601,65360.0
43246202,30220.0
42258400,29620.0
45208801,45620.0
44913400,80950.0
47532602,88430.0
46749002,43730.0
46237001,48040.0
44570003,60660.0
47203001,69500.0
43877203,27910.0
41337603,16720.0
43266000,44880.0
48000802,43940.0
48139202,25390.0
44264600,35560.0
45164201,67340.0
42389600,29030.0
45863800,69840.0
44885402,24560.0
44125800,53650.0
41349402,22920.0
42641802,81090.0
49563402,33480.0
46800402,64080.0
49074002,66820.0
43149002,22880.0
42985603,46250.0
44022003,39460.0
43108202,23480.0
47440602,40850.0
45829200,25270.0
43810400,62770.0
43850603,43660.0
48325201,37260.0
41737000,51830.0
43657800,59050.0
44693402,34200.0
46251801,32540.0
41667200,46280.0
44866402,56320.0
41254602,18540.0
44644800,26010.0
49306401,29370.0
44859202,39700.0
43076000,35060.0
48041002,61530.0
41740400,59310.0
44359603,51750.0
41252003,50950.0
44128603,46600.0
43013603,36540.0
41529203,46960.0
46899001,42940.0
45227402,26820.0
45942601,47310.0
42121203,33230.0
42737603,24380.0
45097801,63520.0
47637602,44290.0
48444801,83910.0
48368800,75670.0
41977400,79450.0
44243002,42990.0
45954600,37950.0
43212402,42110.0
46111200,34690.0
42637400,59900.0
49122402,84070.0
45383403,32780.0
49510800,36310.0
45960800,34900.0
45531800,41480.0
42741800,30190.0
46360000,41620.0
46088001,56010.0
43626200,42580.0
41804603,42700.0
42850802,31500.0
44201400,38140.0
46830602,51110.0
42742602,25310.0
43687000,31860.0
41845203,15600.0
45470000,72820.0
44976400,45220.0
42768800,46350.0
44625202,33990.0
49062401,71570.0
41789003,38270.0
46933402,106050.0
46841200,38880.0
44919400,100350.0
44673800,63600.0
42016603,30230.0
41770202,63620.0
45355800,57100.0
42942802,27010.0
49495402,51480.0
45658401,41520.0
48719601,38430.0
44749001,40000.0
44712400,41070.0
44162003,40580.0
41344803,24210.0
41389202,27290.0
47668200,29180.0
49243601,52970.0
44204802,41480.0
40839202,38820.0
45764801,51520.0
46088200,76400.0
47966801,40020.0
47172600,78090.0
49105401,52610.0
45933200,44770.0
44763600,49610.0
45116003,73600.0
49647402,60630.0
42052803,96200.0
48138001,89620.0
45549403,24280.0
46421602,60870.0
42453200,57220.0
48040402,89980.0
41319400,27300.0
44606802,35480.0
41168403,37410.0
41214802,28400.0
49470200,54390.0
44031203,38020.0
44733203,25750.0
43689602,36440.0
48870802,32350.0
41568000,20940.0
46782201,31820.0
45521802,29470.0
49064802,44750.0
41472200,32020.0
46559801,49820.0
46525202,51070.0
43493603,39940.0
42446003,29310.0
48389602,35770.0
45506002,40500.0
43576602,154530.0
47309201,25790.0
49174201,85960.0
48523202,62920.0
46837801,48000.0
47219002,37970.0
49122801,44670.0
44857001,52950.0
44650201,29020.0
41267600,20960.0
42146202,33160.0
47333002,60170.0
48514201,22740.0
42514802,63370.0
41422402,27430.0
43236003,47320.0
42182403,26430.0
45649800,31350.0
47228802,23390.0
41379400,17230.0
41948203,16900.0
49908401,31040.0
49054802,91310.0
46435600,61180.0
42414600,40420.0
46554601,31940.0
44664402,97840.0
49833001,113330.0
46796402,39960.0
47096802,60130.0
47888400,66770.0
41909603,34610.0
49182000,33500.0
42765200,45450.0
44183600,38800.0
41476203,37250.0
41747603,50270.0
44268202,53100.0
43883802,39410.0
44252802,42160.0
47519602,64790.0
43444200,30510.0
41026000,60930.0
41580402,48010.0
43145403,80560.0
46788001,29810.0
45747003,49470.0
47222801,35120.0
49363200,58020.0
48397402,34420.0
42299600,84050.0
48576402,58910.0
40964603,59840.0
44277402,31380.0
44591201,58190.0
41434002,44100.0
43282402,40150.0
44350401,44280.0
43709402,46310.0
45355601,42960.0
43329602,33450.0
42040200,97480.0
41410802,45010.0
46737800,25380.0
45741400,40980.0
47357600,38750.0
44689800,49140.0
49457001,46090.0
43911600,63020.0
44680603,56430.0
48479002,103300.0
46612002,37960.0
46582602,99860.0
41503200,33640.0
48086402,93010.0
48966000,29490.0
45541602,41400.0
48618602,51660.0
47315401,40880.0
45191401,40570.0
45344402,45380.0
42814603,124690.0
43223400,114060.0
41819800,56030.0
46586800,55530.0
43942202,31800.0
41836400,48690.0
41394803,35680.0
41803602,97460.0
43660600,40200.0
47917200,82280.0
44864400,58860.0
46463400,53470.0
46638201,33830.0
41038203,74980.0
41024003,19560.0
41342003,57430.0
46420200,69340.0
45779000,42570.0
41656602,42200.0
47688800,30930.0
45326200,52850.0
43662403,63300.0
47545802,38560.0
44702000,23260.0
42421802,52220.0
48217800,34110.0
49286602,29630.0
43726403,57960.0
43937003,57160.0
41577003,32540.0
44418402,33280.0
44818401,45200.0
47058200,39320.0
49574000,25930.0
47437402,26230.0
43776803,32300.0
43864801,38300.0
48894602,79060.0
46986802,42540.0
47941402,26560.0
45712802,28260.0
41930003,26550.0
47827402,23900.0
41358202,28320.0
41211000,25800.0
44742001,35660.0
46933202,16620.0
48777001,41280.0
43760003,37540.0
47777001,34910.0
45847603,32720.0
43978603,31250.0
42138402,23130.0
48056000,43140.0
49747002,65960.0
47639601,27620.0
44549401,49870.0
44085402,37030.0
42417402,31870.0
42287802,22110.0
48623402,19050.0
48541201,38980.0
45367202,34430.0
45099200,67430.0
48291200,41420.0
43477003,32810.0
45060200,87340.0
46858600,43100.0
41427403,44590.0
41301603,47190.0
40852400,61430.0
46302002,42150.0
46617401,26750.0
44652802,92950.0
44205203,41910.0
45452403,29780.0
42764403,25170.0
49420401,35140.0
44862002,34400.0
45552000,89630.0
49763000,54200.0
48489802,65590.0
48996401,48450.0
44850600,68760.0
45419601,86340.0
46877201,34150.0
45642603,44000.0
49838001,61000.0
41981400,51010.0
42980203,48850.0
42132200,59180.0
44634401,75510.0
44702403,45470.0
49326401,40630.0
44274802,29870.0
42059200,36050.0
48951402,43770.0
43885202,81060.0
45893802,45370.0
43632402,47740.0
41509003,45280.0
43889603,53420.0
41298402,17040.0
49193002,56860.0
43319000,58330.0
43653803,36020.0
48259601,54820.0
42902200,60860.0
44282602,26570.0
49704802,93030.0
46098202,29270.0
46149402,61450.0
48929600,64400.0
46943800,46810.0
47538802,37110.0
44748601,26840.0
41708802,28350.0
46068802,44420.0
43619003,26510.0
42309803,27440.0
43218803,87790.0
49579600,60670.0
48908402,34000.0
42921400,56920.0
42750200,35830.0
42698602,53400.0
41501203,41270.0
47992202,108780.0
41126002,35950.0
47468602,26710.0
44718201,23480.0
41405002,63070.0
41184000,80510.0
41682603,70210.0
46592601,37510.0
45683203,50890.0
46072200,45840.0
45595200,49630.0
44362203,33490.0
43747600,56420.0
42986003,28960.0
48905802,40460.0
43320403,29700.0
46719202,36360.0
48002001,70670.0
49052600,114330.0
42095400,49940.0
41569602,25780.0
46255802,43850.0
45670202,78860.0
44217402,39130.0
43507603,46520.0
48915401,44130.0
40974203,73910.0
46596400,31120.0
47778600,75490.0
41737602,97750.0
44301202,33320.0
42846803,28290.0
43634803,90630.0
45602002,31940.0
47104802,35180.0
48857401,43770.0
44267001,49190.0
47693601,26370.0
49236201,26410.0
45589801,122910.0
48316002,34330.0
42699200,120900.0
44488003,29740.0
43678003,81830.0
42642802,43600.0
47832002,36840.0
44856001,65610.0
41976200,52650.0
45008400,37400.0
41252000,28560.0
45356402,58640.0
43868600,32210.0
46170001,79860.0
43332803,46610.0
44468202,33250.0
47832602,24440.0
48324001,53590.0
41200202,73550.0
45992800,24400.0
49704800,93480.0
48145402,73830.0
48219402,48110.0
45466203,38680.0
48869801,72420.0
43257603,78630.0
45287001,19820.0
43798002,35150.0
41704202,40760.0
43907401,29180.0
49144400,37760.0
47632002,64450.0
47812200,22100.0
45603203,45170.0
47725400,44470.0
41075802,43590.0
46784801,43170.0
46202800,42630.0
45172202,44630.0
41788200,26820.0
44904401,46730.0
47495800,32860.0
45815002,83690.0
41161802,28570.0
41208803,18520.0
41329603,24840.0
47054202,51590.0
43826601,65340.0
41758000,80810.0
44014003,62360.0
42853400,66590.0
48932602,28790.0
46928002,52500.0
46427800,91920.0
46150201,56830.0
49170000,33440.0
46831202,56340.0
45901802,47940.0
42752202,29150.0
44663000,44550.0
49395202,36320.0
41364403,30170.0
42419800,66400.0
45960402,43860.0
44500803,76110.0
42344803,77520.0
47403802,35220.0
44605800,28060.0
43075000,89820.0
42113202,39410.0
46031802,37170.0
44250401,53860.0
45928001,111940.0
44247001,32220.0
48533201,50360.0
42251403,30860.0
45967002,44350.0
43141203,57510.0
49941600,26320.0
42232002,26260.0
47795600,37000.0
44803603,35470.0
49155201,46480.0
48171600,63550.0
45917402,25240.0
43800600,26760.0
49006401,38340.0
41329802,26110.0
43708803,80280.0
44118401,25810.0
47154601,17650.0
45692400,40060.0
48289002,67860.0
41413203,26820.0
43792003,94840.0
46157801,40880.0
46551802,38820.0
45112602,79960.0
49035401,26530.0
46320601,37520.0
47992802,46940.0
45809400,29060.0
49820001,30380.0
48993602,35460.0
47390601,101630.0
43929601,83740.0
46036400,57920.0
48235002,24270.0
48227600,98590.0
48771801,27940.0
45976800,61140.0
43229402,42490.0
49630800,34990.0
47054402,33150.0
45812403,39830.0
43751602,31680.0
40961603,44460.0
49359802,35970.0
48435801,27440.0
46852000,22490.0
46563602,27580.0
41090400,41560.0
48879002,43830.0
44888401,29530.0
42143402,42460.0
48163401,30260.0
42900400,38370.0
47834002,30390.0
49324200,37650.0
49791602,113780.0
42335002,26830.0
46318001,79140.0
41089203,48950.0
42106403,60140.0
47246000,32170.0
45802000,94650.0
46412200,36580.0
41452802,90180.0
46710402,31440.0
41538603,71140.0
48997600,52180.0
46761200,31140.0
44121202,93370.0
43848803,57740.0
48134401,45780.0
47786801,33160.0
49489001,62420.0
43803200,94330.0
47922800,61810.0
42858603,27830.0
45065403,42310.0
45704802,91630.0
41582602,52750.0
48375200,49350.0
42024602,54980.0
48813802,103700.0
49873800,26280.0
49638400,29440.0
42436800,36110.0
49354000,25110.0
42789202,29170.0
49022202,22070.0
41506603,27090.0
43609602,56370.0
42391002,42030.0
43496600,74410.0
49239401,26590.0
46531602,42690.0
47753002,47990.0
44497002,51940.0
47080601,28840.0
45094002,29150.0
49897802,66560.0
47335600,41020.0
41330603,30770.0
47823402,21940.0
44139200,25880.0
48482602,31220.0
43318603,58030.0
46419800,36910.0
48691002,26570.0
42371400,30790.0
41734602,62280.0
47130402,25780.0
45104603,48580.0
47437001,37250.0
43710400,84070.0
43181602,33400.0
44805803,69250.0
44570802,46190.0
49096600,29450.0
44903401,26370.0
46297400,41240.0
44439800,52930.0
44613203,29950.0
43620002,50870.0
41208203,16390.0
47519601,42720.0
42310203,50180.0
43109800,75050.0
42769803,102940.0
42301402,43620.0
42175800,49660.0
42502802,76050.0
45705002,31000.0
45597401,48130.0
45178601,51040.0
48690602,36200.0
46112401,82820.0
49001202,52840.0
47402601,39960.0
49079400,34470.0
43678002,62330.0
42159202,38120.0
42435803,91710.0
45266402,36750.0
49625402,30260.0
48861000,62240.0
48862801,45650.0
45138202,43390.0
46756002,50840.0
42994200,79590.0
44061000,32990.0
47180600,26600.0
46122401,75440.0
46018002,26600.0
49185600,46330.0
42888002,33870.0
48039802,60910.0
45158601,26980.0
48389201,33600.0
46886600,58880.0
46506601,24950.0
47697201,64020.0
41234203,26680.0
45596402,61160.0
47744001,103740.0
48160800,62530.0
48456001,25850.0
48557802,39160.0
47826800,34030.0
44071202,39530.0
44521203,66100.0
48462001,28690.0
41607002,70610.0
45391002,27840.0
48634201,39330.0
42478400,24270.0
44035600,82180.0
49028200,34670.0
49257200,68060.0
41381403,43110.0
48908200,26530.0
44431201,45870.0
41682602,76380.0
44225200,26190.0
45100200,26000.0
43563003,30570.0
46708201,107550.0
40994600,31090.0
42518002,88400.0
45871002,64970.0
47370001,28130.0
43220403,25690.0
44771802,28890.0
44232801,61210.0
41960603,59530.0
41200200,42050.0
43960202,38770.0
42440402,74510.0
44426002,46840.0
42134200,74390.0
45888200,50510.0
44218801,57860.0
44770002,33580.0
41242003,26070.0
48756600,61700.0
46857600,48680.0
45278801,72850.0
45491603,27390.0
45104401,33040.0
49275402,41340.0
47211602,30530.0
49159401,41380.0
47758801,24620.0
41912600,37350.0
41845402,30880.0
46365802,66000.0
49869600,87340.0
46404600,62010.0
42367802,52720.0
44088201,48090.0
41297803,16050.0
46028602,55830.0
45442400,110980.0
49230801,40360.0
45395403,34920.0
47788800,57320.0
43702600,31770.0
41092402,43010.0
47322202,97210.0
49934002,74600.0
43256203,25610.0
48215600,45220.0
44696602,104920.0
44554403,45300.0
44880402,41650.0
44827402,27750.0
44912003,49450.0
44659601,46170.0
43829200,42640.0
41439200,45860.0
46323001,28860.0
45310002,73350.0
47855200,43810.0
49603600,73900.0
48807602,20610.0
41609200,51180.0
48298402,19990.0
42934603,42130.0
49671600,36610.0
46220000,82190.0
45127403,34910.0
41054200,57900.0
43836403,23530.0
44850403,25820.0
44517603,53050.0
46705801,54660.0
42278002,37350.0
48002602,93020.0
44302403,32120.0
41444200,41780.0
44122802,33930.0
47553200,68320.0
45489603,44810.0
48694601,31070.0
42418002,35600.0
46026202,72910.0
41037003,41340.0
47959800,54130.0
45722803,40550.0
47566002,64800.0
44474001,31530.0
48196602,58660.0
47741600,138560.0
41314802,28080.0
49397201,74560.0
44135002,48910.0
41631402,27320.0
44718600,62130.0
47230802,37070.0
45327002,86900.0
48419202,19210.0
48799002,71420.0
47053400,42950.0
48792800,46570.0
45747400,71780.0
48168401,36280.0
47419002,37460.0
47406200,40810.0
46788000,37680.0
47647402,29430.0
45225403,50980.0
45417200,84420.0
47349202,38310.0
42091602,101310.0
45083403,41750.0
43982201,43760.0
48249000,34620.0
43879003,55510.0
45737402,46760.0
47313200,31450.0
48540002,37640.0
44807603,89480.0
45852800,59250.0
48508401,50460.0
47710001,33380.0
46385602,47140.0
48569201,44950.0
48891601,25710.0
40801202,51490.0
46263400,28510.0
47886802,98210.0
42682203,42460.0
47327000,66410.0
47560001,70710.0
47131202,51120.0
45020801,36760.0
43997803,34920.0
43648003,29370.0
47563802,28150.0
47531002,76450.0
49857401,41010.0
41307802,16790.0
48156200,31670.0
43783200,53480.0
42789403,43380.0
49410400,98180.0
45739201,30980.0
44026201,50880.0
44345801,25360.0
46433402,79470.0
45686200,28750.0
41282003,24830.0
49744400,52570.0
43162000,26590.0
48289400,41250.0
48140202,52640.0
43339400,34960.0
43411000,120460.0
46703600,26570.0
46071202,47100.0
46062401,63880.0
49212002,83170.0
45304202,46650.0
49844202,32610.0
41544200,67130.0
45803602,31650.0
45124601,24240.0
47388802,27820.0
47122600,47620.0
45413800,32220.0
42476200,62090.0
45481401,35550.0
40956203,34870.0
45301601,74280.0
43671200,34310.0
44584000,35480.0
43962201,50510.0
47699600,45150.0
46985200,36100.0
43747602,21990.0
47238602,66420.0
44075800,105290.0
41462803,33310.0
42241403,51650.0
44110202,32990.0
40911000,19580.0
42634002,96390.0
47176201,67130.0
45846201,50270.0
48457800,35790.0
46941202,75350.0
46154800,38860.0
48538000,42280.0
44956402,57220.0
45340203,46570.0
44633000,41220.0
42478803,38580.0
48781001,39060.0
42454202,44480.0
42435402,38270.0
43751402,68990.0
41126400,45220.0
43900002,81590.0
40834200,26640.0
41523600,64710.0
49864600,36180.0
48966001,24030.0
41493202,55570.0
49379602,27100.0
43815202,52510.0
46742000,99050.0
43430803,35140.0
48323802,35070.0
42293603,37960.0
49778800,33600.0
49359200,63870.0
43424003,46480.0
41373002,23700.0
40813600,69600.0
48201401,16700.0
41630403,38430.0
44746403,67750.0
44695803,48400.0
41332400,25730.0
45221602,46990.0
43606800,40570.0
44181801,72570.0
45105603,24660.0
44839401,38310.0
46167800,36060.0
42846603,24900.0
46914201,26480.0
41854000,37390.0
49816401,44670.0
46697800,62170.0
45523401,49800.0
44642000,25970.0
49403800,17230.0
45711203,30420.0
45394602,98850.0
49902001,82690.0
44055202,47990.0
49840202,48960.0
42948400,30110.0
49292801,28860.0
41820003,24860.0
46536000,30620.0
46615200,78110.0
45111603,43270.0
45382800,23180.0
43858002,39470.0
41590603,31260.0
48954400,29890.0
41263400,27130.0
49096601,52490.0
42744202,41590.0
49025201,75340.0
46264801,40240.0
48768802,64630.0
48676800,31310.0
46282602,69520.0
44708203,43510.0
46178400,47220.0
40817802,40130.0
44308001,34370.0
45072400,31790.0
45648200,38330.0
43279800,34050.0
47036402,34130.0
42952803,23280.0
44974601,58030.0
48749600,45120.0
41144202,88020.0
43278200,65030.0
44320002,71530.0
44022803,66870.0
47084402,67440.0
43158602,31350.0
44923003,27700.0
48373002,82570.0
48100200,25570.0
41545002,48600.0
45075601,34330.0
46442802,32880.0
48492002,47190.0
48339402,60480.0
46280402,52440.0
49119402,27220.0
41733203,54230.0
44852000,53740.0
44005002,36950.0
43252003,49250.0
45849800,32530.0
41504403,49100.0
44132000,97120.0
44912802,25210.0
41275402,24190.0
41564000,46690.0
42798000,40910.0
47384401,61120.0
47118001,65680.0
45404600,37050.0
47692600,33730.0
45227603,73410.0
48438602,54310.0
41875203,25940.0
46184000,46470.0
48406400,31510.0
45345803,29110.0
45761802,73610.0
48936201,36140.0
46257200,27830.0
49008400,87680.0
48466402,81350.0
47798601,90150.0
45845202,76300.0
41511803,25540.0
41317603,31460.0
